species_name	display_name	ah_id	ah_species	description	gprofiler_id	gprofiler_species	rdataclass	rdatadateadded	sourcetype	taxonomyid	title
Human	Human	AH121953	Homo sapiens	NCBI gene ID based annotations about Homo sapiens	hsapiens	Homo sapiens	OrgDb	2025-10-29	NCBI/ensembl	9606	org.Hs.eg.db.sqlite
Mouse	Mouse	AH121954	Mus musculus	NCBI gene ID based annotations about Mus musculus	mmusculus	Mus musculus	OrgDb	2025-10-29	NCBI/ensembl	10090	org.Mm.eg.db.sqlite
Rat	Rat	AH121956	Rattus norvegicus	NCBI gene ID based annotations about Rattus norvegicus	rnorvegicus	Rattus norvegicus	OrgDb	2025-10-29	NCBI/ensembl	10116	org.Rn.eg.db.sqlite
No organism	No organism	NA	No organism	NA	NA	NA	NA	NA	NA	NA	NA
Abrus cyaneus	Abrus cyaneus	AH120612	Abrus cyaneus	NCBI gene ID based annotations about Abrus cyaneus	NA	NA	OrgDb	2025-03-21	NCBI/UniProt	3816	org.Abrus_cyaneus.eg.sqlite
Acanthaster planci	Acanthaster planci	AH121455	Acanthaster planci	NCBI gene ID based annotations about Acanthaster planci	apgca001949145v1	Acanthaster planci	OrgDb	2025-03-21	NCBI/UniProt	133434	org.Acanthaster_planci.eg.sqlite
Acanthocheilonema viteae	Acanthocheilonema viteae	NA	NA	NA	acviteprjeb1697	Acanthocheilonema viteae	NA	NA	NA	6277	NA
Acanthochromis polyacanthus	Acanthochromis polyacanthus	AH120537	Acanthochromis polyacanthus	NCBI gene ID based annotations about Acanthochromis polyacanthus	apolyacanthus	Acanthochromis polyacanthus	OrgDb	2025-03-21	NCBI/UniProt	80966	org.Acanthochromis_polyacanthus.eg.sqlite
Acanthopagrus latus	Acanthopagrus latus	AH120533	Acanthopagrus latus	NCBI gene ID based annotations about Acanthopagrus latus	NA	NA	OrgDb	2025-03-21	NCBI/UniProt	8177	org.Acanthopagrus_latus.eg.sqlite
Acanthophacelus reticulata	Acanthophacelus reticulata	AH120897	Acanthophacelus reticulata	NCBI gene ID based annotations about Acanthophacelus reticulata	preticulata	Poecilia reticulata	OrgDb	2025-03-21	NCBI/UniProt	8081	org.Acanthophacelus_reticulata.eg.sqlite
Acanthopleura japonica	Acanthopleura japonica	AH121244	Acanthopleura japonica	NCBI gene ID based annotations about Acanthopleura japonica	ljgca032854445v1rs	Liolophura japonica	OrgDb	2025-03-21	NCBI/UniProt	13599	org.Acanthopleura_japonica.eg.sqlite
Accipiter gentilis	Accipiter gentilis	AH121357	Accipiter gentilis	NCBI gene ID based annotations about Accipiter gentilis	NA	NA	OrgDb	2025-03-21	NCBI/UniProt	8957	org.Accipiter_gentilis.eg.sqlite
Achaearanea tepidariorum	Achaearanea tepidariorum	AH121207	Achaearanea tepidariorum	NCBI gene ID based annotations about Achaearanea tepidariorum	ptgca000365465v3	Parasteatoda tepidariorum	OrgDb	2025-03-21	NCBI/UniProt	114398	org.Achaearanea_tepidariorum.eg.sqlite
Acinia solidaginis	Acinia solidaginis	AH121250	Acinia solidaginis	NCBI gene ID based annotations about Acinia solidaginis	NA	NA	OrgDb	2025-03-21	NCBI/UniProt	178769	org.Acinia_solidaginis.eg.sqlite
Acinonyx jubatus	Acinonyx jubatus	AH120218	Acinonyx jubatus	NCBI gene ID based annotations about Acinonyx jubatus	NA	NA	OrgDb	2025-03-21	NCBI/UniProt	32536	org.Acinonyx_jubatus.eg.sqlite
Acipenser ruthenus	Acipenser ruthenus	AH119590	Acipenser ruthenus	NCBI gene ID based annotations about Acipenser ruthenus	NA	NA	OrgDb	2025-03-21	NCBI/UniProt	7906	org.Acipenser_ruthenus.eg.sqlite
Acomys russatus	Acomys russatus	AH120615	Acomys russatus	NCBI gene ID based annotations about Acomys russatus	NA	NA	OrgDb	2025-03-21	NCBI/UniProt	60746	org.Acomys_russatus.eg.sqlite
Acridium cancellatum	Acridium cancellatum	AH119559	Acridium cancellatum	NCBI gene ID based annotations about Acridium cancellatum	scgca023864275v2rs	Schistocerca cancellata	OrgDb	2025-03-21	NCBI/UniProt	274614	org.Acridium_cancellatum.eg.sqlite
Acridium cubense	Acridium cubense	AH119591	Acridium cubense	NCBI gene ID based annotations about Acridium cubense	ssgca023864345v3rs	Schistocerca serialis cubense	OrgDb	2025-03-21	NCBI/UniProt	2023355	org.Acridium_cubense.eg.sqlite
Acridium piceifrons	Acridium piceifrons	AH119581	Acridium piceifrons	NCBI gene ID based annotations about Acridium piceifrons	spgca021461385v2rs	Schistocerca piceifrons	OrgDb	2025-03-21	NCBI/UniProt	274613	org.Acridium_piceifrons.eg.sqlite
Acrobeloides nanus	Acrobeloides nanus	NA	NA	NA	acnanuprjeb26554	Acrobeloides nanus	NA	NA	NA	290746	NA
Acromyrmex echinatior	Acromyrmex echinatior (Panamanian leaf-cutter ant)	NA	NA	NA	aegca000204515v1rs	Acromyrmex echinatior	NA	NA	NA	103372	NA
Acropora convexa	Acropora convexa	AH119814	Acropora convexa	NCBI gene ID based annotations about Acropora convexa	amgca013753865v1	Acropora millepora	OrgDb	2025-03-21	NCBI/UniProt	45264	org.Acropora_convexa.eg.sqlite
Acropora copiosa	Acropora copiosa	AH119783	Acropora copiosa	NCBI gene ID based annotations about Acropora copiosa	NA	NA	OrgDb	2025-03-21	NCBI/UniProt	159855	org.Acropora_copiosa.eg.sqlite
Acropora digitifera	Acropora digitifera	AH120348	Acropora digitifera	NCBI gene ID based annotations about Acropora digitifera	NA	NA	OrgDb	2025-03-21	NCBI/UniProt	70779	org.Acropora_digitifera.eg.sqlite
Actinia diaphana	Actinia diaphana	AH121031	Actinia diaphana	NCBI gene ID based annotations about Actinia diaphana	edgca001417965v1	Exaiptasia diaphana	OrgDb	2025-03-21	NCBI/UniProt	2652724	org.Actinia_diaphana.eg.sqlite
Actinia equina	Actinia equina (Beadlet anemone, AE1)	NA	NA	NA	aegca011057435	Actinia equina	NA	NA	NA	6106	NA
Actinia tenebrosa	Actinia tenebrosa	AH121149	Actinia tenebrosa	NCBI gene ID based annotations about Actinia tenebrosa	atgca009602425v1	Actinia tenebrosa	OrgDb	2025-03-21	NCBI/UniProt	6105	org.Actinia_tenebrosa.eg.sqlite
Actinidia chinensis var. chinensis	Actinidia chinensis	NA	NA	NA	achinensis	Actinidia chinensis var. chinensis	NA	NA	NA	1590841	NA
Actinidia eriantha	Actinidia eriantha	AH119761	Actinidia eriantha	NCBI gene ID based annotations about Actinidia eriantha	NA	NA	OrgDb	2025-03-21	NCBI/UniProt	165200	org.Actinidia_eriantha.eg.sqlite
Acyrthosiphon pisum	Acyrthosiphon pisum	AH121295	Acyrthosiphon pisum	NCBI gene ID based annotations about Acyrthosiphon pisum	apgca005508785v2rs	Acyrthosiphon pisum	OrgDb	2025-03-21	NCBI/UniProt	7029	org.Acyrthosiphon_pisum.eg.sqlite
Adelges cooleyi	Adelges cooleyi (Spruce gall adelgid, 19-005CV)	NA	NA	NA	acgca023614345v1rs	Adelges cooleyi	NA	NA	NA	133065	NA
Adineta vaga	Adineta vaga (Rotifer)	NA	NA	NA	avaga	Adineta vaga	NA	NA	NA	104782	NA
Aedes aegypti	Aedes aegypti	AH121343	Aedes aegypti	NCBI gene ID based annotations about Aedes aegypti	aalvpagwg	Aedes aegypti	OrgDb	2025-03-21	NCBI/UniProt	7159	org.Aedes_aegypti.eg.sqlite
Aedes albopictus	Aedes albopictus	AH121004	Aedes albopictus	NCBI gene ID based annotations about Aedes albopictus	aagca035046485v1rs	Aedes albopictus	OrgDb	2025-03-21	NCBI/UniProt	7160	org.Aedes_albopictus.eg.sqlite
Aedes camptorhynchus	Aedes camptorhynchus	AH121274	Aedes camptorhynchus	NCBI gene ID based annotations about Aedes camptorhynchus	NA	NA	OrgDb	2025-03-21	NCBI/UniProt	644619	org.Aedes_camptorhynchus.eg.sqlite
Aegilops squarrosa_subsp._squarrosa	Aegilops squarrosa_subsp._squarrosa	AH119623	Aegilops squarrosa_subsp._squarrosa	NCBI gene ID based annotations about Aegilops squarrosa_subsp._squarrosa	NA	NA	OrgDb	2025-03-21	NCBI/UniProt	37682	org.Aegilops_squarrosa_subsp._squarrosa.eg.sqlite
Aegilops tauschii subsp. strangulata	Aegilops tauschii	NA	NA	NA	atauschii	Aegilops tauschii subsp. strangulata	NA	NA	NA	200361	NA
Aegilops umbellulata	(aegilops_umbellulata) - GCA_951805315.1 [Community annotation]	NA	NA	NA	aumbellulata	Aegilops umbellulata	NA	NA	NA	4491	NA
Aequipecten irradians	Aequipecten irradians	AH120311	Aequipecten irradians	NCBI gene ID based annotations about Aequipecten irradians	NA	NA	OrgDb	2025-03-21	NCBI/UniProt	31199	org.Aequipecten_irradians.eg.sqlite
Aethina tumida	Aethina tumida (Small hive beetle, Nest 87)	NA	NA	NA	atgca024364675v1rs	Aethina tumida	NA	NA	NA	116153	NA
Agaricus tabescens	Agaricus tabescens	AH121372	Agaricus tabescens	NCBI gene ID based annotations about Agaricus tabescens	NA	NA	OrgDb	2025-03-21	NCBI/UniProt	1929756	org.Agaricus_tabescens.eg.sqlite
Agelaius phoeniceus	Agelaius phoeniceus	AH121472	Agelaius phoeniceus	NCBI gene ID based annotations about Agelaius phoeniceus	NA	NA	OrgDb	2025-03-21	NCBI/UniProt	39638	org.Agelaius_phoeniceus.eg.sqlite
Agelaius tricolor	Agelaius tricolor	AH121284	Agelaius tricolor	NCBI gene ID based annotations about Agelaius tricolor	NA	NA	OrgDb	2025-03-21	NCBI/UniProt	9191	org.Agelaius_tricolor.eg.sqlite
Agrilus planipennis	Agrilus planipennis (Emerald ash borer, EAB-ADULT)	NA	NA	NA	apgca000699045v2	Agrilus planipennis	NA	NA	NA	224129	NA
Ahaetulla prasina	Ahaetulla prasina	AH121233	Ahaetulla prasina	NCBI gene ID based annotations about Ahaetulla prasina	NA	NA	OrgDb	2025-03-21	NCBI/UniProt	499056	org.Ahaetulla_prasina.eg.sqlite
Ailuropoda melanoleuca	Ailuropoda melanoleuca	AH120423	Ailuropoda melanoleuca	NCBI gene ID based annotations about Ailuropoda melanoleuca	amelanoleuca	Ailuropoda melanoleuca	OrgDb	2025-03-21	NCBI/UniProt	9646	org.Ailuropoda_melanoleuca.eg.sqlite
Aimophila crissalis	Aimophila crissalis	AH121432	Aimophila crissalis	NCBI gene ID based annotations about Aimophila crissalis	NA	NA	OrgDb	2025-03-21	NCBI/UniProt	40204	org.Aimophila_crissalis.eg.sqlite
Albugo laibachii Nc14	Albugo laibachii	NA	NA	NA	alaibachii	Albugo laibachii Nc14	NA	NA	NA	890382	NA
Alecto japonica	Alecto japonica	AH120970	Alecto japonica	NCBI gene ID based annotations about Alecto japonica	ajgca011630105v1	Anneissia japonica	OrgDb	2025-03-21	NCBI/UniProt	1529436	org.Alecto_japonica.eg.sqlite
Alexandromys fortis	Alexandromys fortis	AH120590	Alexandromys fortis	NCBI gene ID based annotations about Alexandromys fortis	NA	NA	OrgDb	2025-03-21	NCBI/UniProt	100897	org.Alexandromys_fortis.eg.sqlite
Alligator mississippiensis	Alligator mississippiensis	AH120437	Alligator mississippiensis	NCBI gene ID based annotations about Alligator mississippiensis	NA	NA	OrgDb	2025-03-21	NCBI/UniProt	8496	org.Alligator_mississippiensis.eg.sqlite
Alligator sinensis	Alligator sinensis	AH121049	Alligator sinensis	NCBI gene ID based annotations about Alligator sinensis	NA	NA	OrgDb	2025-03-21	NCBI/UniProt	38654	org.Alligator_sinensis.eg.sqlite
Allodiplogaster sudhausi	Allodiplogaster sudhausi	NA	NA	NA	alsudhprjeb48369	Allodiplogaster sudhausi	NA	NA	NA	2761625	NA
Alnus glutinosa	Alnus glutinosa	AH120318	Alnus glutinosa	NCBI gene ID based annotations about Alnus glutinosa	NA	NA	OrgDb	2025-03-21	NCBI/UniProt	3517	org.Alnus_glutinosa.eg.sqlite
Alopex lagopus	Alopex lagopus	AH120487	Alopex lagopus	NCBI gene ID based annotations about Alopex lagopus	NA	NA	OrgDb	2025-03-21	NCBI/UniProt	494514	org.Alopex_lagopus.eg.sqlite
Alosa alosa	Alosa alosa	AH120702	Alosa alosa	NCBI gene ID based annotations about Alosa alosa	NA	NA	OrgDb	2025-03-21	NCBI/UniProt	278164	org.Alosa_alosa.eg.sqlite
Alosa pilchardus	Alosa pilchardus	AH119790	Alosa pilchardus	NCBI gene ID based annotations about Alosa pilchardus	NA	NA	OrgDb	2025-03-21	NCBI/UniProt	27697	org.Alosa_pilchardus.eg.sqlite
Alosa sapidissima	Alosa sapidissima	AH119753	Alosa sapidissima	NCBI gene ID based annotations about Alosa sapidissima	NA	NA	OrgDb	2025-03-21	NCBI/UniProt	34773	org.Alosa_sapidissima.eg.sqlite
Altirana parkeri	Altirana parkeri	AH121231	Altirana parkeri	NCBI gene ID based annotations about Altirana parkeri	NA	NA	OrgDb	2025-03-21	NCBI/UniProt	125878	org.Altirana_parkeri.eg.sqlite
Amaranthus gangeticus	Amaranthus gangeticus	AH120308	Amaranthus gangeticus	NCBI gene ID based annotations about Amaranthus gangeticus	NA	NA	OrgDb	2025-03-21	NCBI/UniProt	29722	org.Amaranthus_gangeticus.eg.sqlite
Amblyomma americanum	Amblyomma americanum	NA	NA	NA	aagca030143305v2gb	Amblyomma americanum	NA	NA	NA	6943	NA
Amblyraja radiata	Amblyraja radiata	AH120959	Amblyraja radiata	NCBI gene ID based annotations about Amblyraja radiata	NA	NA	OrgDb	2025-03-21	NCBI/UniProt	386614	org.Amblyraja_radiata.eg.sqlite
Amblyteles armatorius	Amblyteles armatorius (Ichneumon Wasp, reference)	NA	NA	NA	aagca933228735v1	Amblyteles armatorius	NA	NA	NA	231887	NA
Amborella trichopoda	Amborella trichopoda	AH121363	Amborella trichopoda	NCBI gene ID based annotations about Amborella trichopoda	atrichopoda	Amborella trichopoda	OrgDb	2025-03-21	NCBI/UniProt	13333	org.Amborella_trichopoda.eg.sqlite
Ambystoma mexicanum	Ambystoma mexicanum	AH119545	Ambystoma mexicanum	NCBI gene ID based annotations about Ambystoma mexicanum	NA	NA	OrgDb	2025-03-21	NCBI/UniProt	8296	org.Ambystoma_mexicanum.eg.sqlite
Amia calva	Amia calva	AH119634	Amia calva	NCBI gene ID based annotations about Amia calva	NA	NA	OrgDb	2025-03-21	NCBI/UniProt	7924	org.Amia_calva.eg.sqlite
Ammodramus caudacutus	Ammodramus caudacutus	AH121475	Ammodramus caudacutus	NCBI gene ID based annotations about Ammodramus caudacutus	NA	NA	OrgDb	2025-03-21	NCBI/UniProt	2857398	org.Ammodramus_caudacutus.eg.sqlite
Ammodromus caudacutus_nelsoni	Ammodromus caudacutus_nelsoni	AH121466	Ammodromus caudacutus_nelsoni	NCBI gene ID based annotations about Ammodromus caudacutus_nelsoni	NA	NA	OrgDb	2025-03-21	NCBI/UniProt	2857394	org.Ammodromus_caudacutus_nelsoni.eg.sqlite
Amphibalanus amphitrite	Amphibalanus amphitrite	AH120399	Amphibalanus amphitrite	NCBI gene ID based annotations about Amphibalanus amphitrite	aagca019059575v1	Amphibalanus amphitrite	OrgDb	2025-03-21	NCBI/UniProt	1232801	org.Amphibalanus_amphitrite.eg.sqlite
Amphilophus centrarchus	Amphilophus centrarchus	AH120626	Amphilophus centrarchus	NCBI gene ID based annotations about Amphilophus centrarchus	NA	NA	OrgDb	2025-03-21	NCBI/UniProt	63155	org.Amphilophus_centrarchus.eg.sqlite
Amphilophus citrinellus	Midas cichlid	NA	NA	NA	acitrinellus	Amphilophus citrinellus	NA	NA	NA	61819	NA
Amphimedon queenslandica	Amphimedon queenslandica	AH120964	Amphimedon queenslandica	NCBI gene ID based annotations about Amphimedon queenslandica	aqueenslandica	Amphimedon queenslandica	OrgDb	2025-03-21	NCBI/UniProt	400682	org.Amphimedon_queenslandica.eg.sqlite
Amphioxus belcheri	Amphioxus belcheri	AH120862	Amphioxus belcheri	NCBI gene ID based annotations about Amphioxus belcheri	NA	NA	OrgDb	2025-03-21	NCBI/UniProt	7741	org.Amphioxus_belcheri.eg.sqlite
Amphioxus floridae	Amphioxus floridae	AH120582	Amphioxus floridae	NCBI gene ID based annotations about Amphioxus floridae	NA	NA	OrgDb	2025-03-21	NCBI/UniProt	7739	org.Amphioxus_floridae.eg.sqlite
Amphiprion ocellaris	Amphiprion ocellaris	AH120719	Amphiprion ocellaris	NCBI gene ID based annotations about Amphiprion ocellaris	aocellaris	Amphiprion ocellaris	OrgDb	2025-03-21	NCBI/UniProt	80972	org.Amphiprion_ocellaris.eg.sqlite
Amphiprion percula	Orange clownfish	NA	NA	NA	apercula	Amphiprion percula	NA	NA	NA	161767	NA
Ampithoe aztecus	Ampithoe aztecus	AH121411	Ampithoe aztecus	NCBI gene ID based annotations about Ampithoe aztecus	hagca000764305v2	Hyalella azteca	OrgDb	2025-03-21	NCBI/UniProt	294128	org.Ampithoe_aztecus.eg.sqlite
Amusium balloti	Amusium balloti	AH121158	Amusium balloti	NCBI gene ID based annotations about Amusium balloti	NA	NA	OrgDb	2025-03-21	NCBI/UniProt	509963	org.Amusium_balloti.eg.sqlite
Amyelois transitella	Amyelois transitella (Moths, CPQ)	NA	NA	NA	atgca032362555v1rs	Amyelois transitella	NA	NA	NA	680683	NA
Amygdalus communis	Amygdalus communis	AH120843	Amygdalus communis	NCBI gene ID based annotations about Amygdalus communis	pdulcis	Prunus dulcis	OrgDb	2025-03-21	NCBI/UniProt	3755	org.Amygdalus_communis.eg.sqlite
Amygdalus persica	Amygdalus persica	AH120908	Amygdalus persica	NCBI gene ID based annotations about Amygdalus persica	ppersica	Prunus persica	OrgDb	2025-03-21	NCBI/UniProt	3760	org.Amygdalus_persica.eg.sqlite
Anabas testudineus	Climbing perch	NA	NA	NA	atestudineus	Anabas testudineus	NA	NA	NA	64144	NA
Anabrus simplex	Anabrus simplex	AH120836	Anabrus simplex	NCBI gene ID based annotations about Anabrus simplex	NA	NA	OrgDb	2025-03-21	NCBI/UniProt	316456	org.Anabrus_simplex.eg.sqlite
Ananas comosus	Ananas comosus	AH120973	Ananas comosus	NCBI gene ID based annotations about Ananas comosus	acomosus	Ananas comosus	OrgDb	2025-03-21	NCBI/UniProt	4615	org.Ananas_comosus.eg.sqlite
Anarrhichthys ocellatus	Anarrhichthys ocellatus	AH121041	Anarrhichthys ocellatus	NCBI gene ID based annotations about Anarrhichthys ocellatus	NA	NA	OrgDb	2025-03-21	NCBI/UniProt	433405	org.Anarrhichthys_ocellatus.eg.sqlite
Anas acuta	Anas acuta	AH121046	Anas acuta	NCBI gene ID based annotations about Anas acuta	NA	NA	OrgDb	2025-03-21	NCBI/UniProt	28680	org.Anas_acuta.eg.sqlite
Anas atrata	Anas atrata	AH121443	Anas atrata	NCBI gene ID based annotations about Anas atrata	NA	NA	OrgDb	2025-03-21	NCBI/UniProt	8868	org.Anas_atrata.eg.sqlite
Anas boschas	Anas boschas	AH120951	Anas boschas	NCBI gene ID based annotations about Anas boschas	aplatyrhynchos	Anas platyrhynchos	OrgDb	2025-03-21	NCBI/UniProt	8839	org.Anas_boschas.eg.sqlite
Anas jamaicensis	Anas jamaicensis	AH121100	Anas jamaicensis	NCBI gene ID based annotations about Anas jamaicensis	NA	NA	OrgDb	2025-03-21	NCBI/UniProt	8884	org.Anas_jamaicensis.eg.sqlite
Anas olor	Anas olor	AH121127	Anas olor	NCBI gene ID based annotations about Anas olor	NA	NA	OrgDb	2025-03-21	NCBI/UniProt	8869	org.Anas_olor.eg.sqlite
Anas platyrhynchos platyrhynchos	Duck	NA	NA	NA	applatyrhynchos	Anas platyrhynchos platyrhynchos	NA	NA	NA	8840	NA
Anastrepha ludens	Anastrepha ludens (Mexican fruit fly, Willacy)	NA	NA	NA	algca028408465v1rs	Anastrepha ludens	NA	NA	NA	28586	NA
Anastrepha obliqua	Anastrepha obliqua	AH121460	Anastrepha obliqua	NCBI gene ID based annotations about Anastrepha obliqua	aogca027943255v1rs	Anastrepha obliqua	OrgDb	2025-03-21	NCBI/UniProt	95512	org.Anastrepha_obliqua.eg.sqlite
Ancistrocerus nigricornis	Ancistrocerus nigricornis (Potter wasp, reference)	NA	NA	NA	angca916049575v1	Ancistrocerus nigricornis	NA	NA	NA	76990	NA
Ancylostoma caninum	Ancylostoma caninum	NA	NA	NA	ancaniprjna72585	Ancylostoma caninum	NA	NA	NA	29170	NA
Ancylostoma ceylanicum	Ancylostoma ceylanicum (PRJNA231479)	NA	NA	NA	anceylprjna231479	Ancylostoma ceylanicum	NA	NA	NA	53326	NA
Ancylostoma duodenale	Ancylostoma duodenale	NA	NA	NA	anduodprjna72581	Ancylostoma duodenale	NA	NA	NA	51022	NA
Andrographis paniculata	Andrographis paniculata	AH120768	Andrographis paniculata	NCBI gene ID based annotations about Andrographis paniculata	NA	NA	OrgDb	2025-03-21	NCBI/UniProt	175694	org.Andrographis_paniculata.eg.sqlite
Andropogon sorghum	Andropogon sorghum	AH120264	Andropogon sorghum	NCBI gene ID based annotations about Andropogon sorghum	sbicolor	Sorghum bicolor	OrgDb	2025-03-21	NCBI/UniProt	4558	org.Andropogon_sorghum.eg.sqlite
Angill angill	Angill angill	AH120404	Angill angill	NCBI gene ID based annotations about Angill angill	NA	NA	OrgDb	2025-03-21	NCBI/UniProt	7936	org.Angill_angill.eg.sqlite
Angiostrongylus cantonensis	Angiostrongylus cantonensis (PRJEB493)	NA	NA	NA	ancantprjeb493	Angiostrongylus cantonensis	NA	NA	NA	6313	NA
Angiostrongylus costaricensis	Angiostrongylus costaricensis	NA	NA	NA	ancostprjeb494	Angiostrongylus costaricensis	NA	NA	NA	334426	NA
Angiostrongylus vasorum	Angiostrongylus vasorum	NA	NA	NA	anvasoprjna663250	Angiostrongylus vasorum	NA	NA	NA	321387	NA
Anguilla rostrata	Anguilla rostrata	AH120334	Anguilla rostrata	NCBI gene ID based annotations about Anguilla rostrata	NA	NA	OrgDb	2025-03-21	NCBI/UniProt	7938	org.Anguilla_rostrata.eg.sqlite
Anisakis simplex	Anisakis simplex	NA	NA	NA	ansimpprjeb496	Anisakis simplex	NA	NA	NA	6269	NA
Anolis carolinensis	Anolis carolinensis	AH120834	Anolis carolinensis	NCBI gene ID based annotations about Anolis carolinensis	acarolinensis	Anolis carolinensis	OrgDb	2025-03-21	NCBI/UniProt	28377	org.Anolis_carolinensis.eg.sqlite
Anolis sagrei	Anolis sagrei	AH121117	Anolis sagrei	NCBI gene ID based annotations about Anolis sagrei	NA	NA	OrgDb	2025-03-21	NCBI/UniProt	38937	org.Anolis_sagrei.eg.sqlite
Anomalospiza imberbis	Anomalospiza imberbis	AH120989	Anomalospiza imberbis	NCBI gene ID based annotations about Anomalospiza imberbis	NA	NA	OrgDb	2025-03-21	NCBI/UniProt	187417	org.Anomalospiza_imberbis.eg.sqlite
Anopheles albimanus	Anopheles albimanus - (Mosquito, ALBI9_A)	NA	NA	NA	aagca000349125v2vb	Anopheles albimanus	NA	NA	NA	7167	NA
Anopheles arabiensis	Anopheles arabiensis (Mosquito, Dongola)	NA	NA	NA	aarabiensis	Anopheles arabiensis	NA	NA	NA	7173	NA
Anopheles atroparvus	Anopheles atroparvus (Mosquito, Infravec2 EBRE)	NA	NA	NA	aagca914969975	Anopheles atroparvus	NA	NA	NA	41427	NA
Anopheles christyi	Anopheles christyi (Mosquito, ACHKN1017)	NA	NA	NA	achristyi	Anopheles christyi	NA	NA	NA	43041	NA
Anopheles coluzzii	Anopheles coluzzii (Mosquitos)	NA	NA	NA	acgca943734685v1rs	Anopheles coluzzii	NA	NA	NA	1518534	NA
Anopheles culicifacies	Anopheles culicifacies (Mosquito, A-37)	NA	NA	NA	aculicifacies	Anopheles culicifacies	NA	NA	NA	139723	NA
Anopheles darlingi	Anopheles darlingi (American malaria mosquito) - GCA_943734745.1	NA	NA	NA	adgca943734745v1rs	Anopheles darlingi	NA	NA	NA	43151	NA
Anopheles dirus	Anopheles dirus (Mosquito, WRAIR2)	NA	NA	NA	adirus	Anopheles dirus	NA	NA	NA	7168	NA
Anopheles epiroticus	Anopheles epiroticus (Mosquito, Epiroticus2)	NA	NA	NA	aepiroticus	Anopheles epiroticus	NA	NA	NA	199890	NA
Anopheles farauti	Anopheles farauti (Mosquito, FAR1)	NA	NA	NA	afarauti	Anopheles farauti	NA	NA	NA	69004	NA
Anopheles funestus	Anopheles funestus (African malaria mosquito)	NA	NA	NA	afgca943734845v1rs	Anopheles funestus	NA	NA	NA	62324	NA
Anopheles gambiae	Anopheles gambiae	AH121944	Anopheles gambiae	NCBI gene ID based annotations about Anopheles gambiae	agambiae	Anopheles gambiae	OrgDb	2025-10-29	NCBI/ensembl	7165	org.Ag.eg.db.sqlite
Anopheles maculatus	Anopheles maculatus (Mosquito, maculatus3)	NA	NA	NA	amaculatus	Anopheles maculatus	NA	NA	NA	74869	NA
Anopheles melas	Anopheles melas (Mosquito, CM1001059_A)	NA	NA	NA	amelas	Anopheles melas	NA	NA	NA	34690	NA
Anopheles merus	Anopheles merus (Mosquito, MAF)	NA	NA	NA	amerus	Anopheles merus	NA	NA	NA	30066	NA
Anopheles minimus	Anopheles minimus (Mosquito, MINIMUS1)	NA	NA	NA	aminimus	Anopheles minimus	NA	NA	NA	112268	NA
Anopheles quadriannulatus	Anopheles quadriannulatus - (Mosquito, SANGWE)	NA	NA	NA	aqgca000349065v1vb	Anopheles quadriannulatus	NA	NA	NA	34691	NA
Anopheles sinensis	Anopheles sinensis (Mosquito, SINENSIS)	NA	NA	NA	asinensis	Anopheles sinensis	NA	NA	NA	74873	NA
Anopheles stephensi	Anopheles stephensi (Asian malaria mosquito, SDA-500)	NA	NA	NA	astephensi	Anopheles stephensi	NA	NA	NA	30069	NA
Anoplophora glabripennis	Anoplophora glabripennis (Asian long-horned beetle, ALB-LARVAE)	NA	NA	NA	aglabripennis	Anoplophora glabripennis	NA	NA	NA	217634	NA
Anoplopoma fimbria	Anoplopoma fimbria	AH120699	Anoplopoma fimbria	NCBI gene ID based annotations about Anoplopoma fimbria	NA	NA	OrgDb	2025-03-21	NCBI/UniProt	229290	org.Anoplopoma_fimbria.eg.sqlite
Anser brachyrhynchus	Pink-footed goose	NA	NA	NA	abrachyrhynchus	Anser brachyrhynchus	NA	NA	NA	132585	NA
Antechinus flavipes	Antechinus flavipes	AH120832	Antechinus flavipes	NCBI gene ID based annotations about Antechinus flavipes	NA	NA	OrgDb	2025-03-21	NCBI/UniProt	38775	org.Antechinus_flavipes.eg.sqlite
Antennarius striatus	Antennarius striatus	AH120867	Antennarius striatus	NCBI gene ID based annotations about Antennarius striatus	NA	NA	OrgDb	2025-03-21	NCBI/UniProt	241820	org.Antennarius_striatus.eg.sqlite
Anthonomus grandis grandis	Anthonomus grandis grandis (Boll weevil)	NA	NA	NA	aggca022605725v3rs	Anthonomus grandis grandis	NA	NA	NA	2921223	NA
Antilope dammah	Antilope dammah	AH120304	Antilope dammah	NCBI gene ID based annotations about Antilope dammah	NA	NA	OrgDb	2025-03-21	NCBI/UniProt	59534	org.Antilope_dammah.eg.sqlite
Antilope sumatraensis	Antilope sumatraensis	AH120675	Antilope sumatraensis	NCBI gene ID based annotations about Antilope sumatraensis	NA	NA	OrgDb	2025-03-21	NCBI/UniProt	34865	org.Antilope_sumatraensis.eg.sqlite
Anubis baboon	Anubis baboon	AH119913	Anubis baboon	NCBI gene ID based annotations about Anubis baboon	panubis	Papio anubis	OrgDb	2025-03-21	NCBI/UniProt	9555	org.Anubis_baboon.eg.sqlite
Aotus nancymaae	Aotus nancymaae	AH119973	Aotus nancymaae	NCBI gene ID based annotations about Aotus nancymaae	anancymaae	Aotus nancymaae	OrgDb	2025-03-21	NCBI/UniProt	37293	org.Aotus_nancymaae.eg.sqlite
Aphanomyces astaci	Aphanomyces astaci	AH121351	Aphanomyces astaci	NCBI gene ID based annotations about Aphanomyces astaci	aastaci	Aphanomyces astaci	OrgDb	2025-03-21	NCBI/UniProt	112090	org.Aphanomyces_astaci.eg.sqlite
Aphanomyces invadans	Aphanomyces invadans	NA	NA	NA	ainvadans	Aphanomyces invadans	NA	NA	NA	157072	NA
Aphelenchoides besseyi	Aphelenchoides besseyi (AORTPRJNA834627)	NA	NA	NA	aortprjna834627	Aphelenchoides besseyi	NA	NA	NA	269767	NA
Aphelenchoides fujianensis	Aphelenchoides fujianensis	NA	NA	NA	apfujiprjna834627	Aphelenchoides fujianensis	NA	NA	NA	1052528	NA
Aphelocoma coerulescens	Aphelocoma coerulescens	AH121084	Aphelocoma coerulescens	NCBI gene ID based annotations about Aphelocoma coerulescens	NA	NA	OrgDb	2025-03-21	NCBI/UniProt	39617	org.Aphelocoma_coerulescens.eg.sqlite
Aphidius gifuensis	Aphidius gifuensis (Parasitoid wasp, YNYX2018)	NA	NA	NA	aggca014905175v1	Aphidius gifuensis	NA	NA	NA	684658	NA
Aphis gossypii	Aphis gossypii	AH121410	Aphis gossypii	NCBI gene ID based annotations about Aphis gossypii	NA	NA	OrgDb	2025-03-21	NCBI/UniProt	80765	org.Aphis_gossypii.eg.sqlite
Apis dorsata	Apis dorsata (Giant honeybee)	NA	NA	NA	adgca000469605v1rs	Apis dorsata	NA	NA	NA	7462	NA
Apis florea	Apis florea (Dwarf honeybee)	NA	NA	NA	afgca000184785v2rs	Apis florea	NA	NA	NA	7463	NA
Apis mellifera	Apis mellifera (Honey bee, DH4)	NA	NA	NA	amellifera	Apis mellifera	NA	NA	NA	7460	NA
Aplysia californica	Aplysia californica	AH121191	Aplysia californica	NCBI gene ID based annotations about Aplysia californica	acgca000002075v2	Aplysia californica	OrgDb	2025-03-21	NCBI/UniProt	6500	org.Aplysia_californica.eg.sqlite
Apodemus sylvaticus	Apodemus sylvaticus	AH120139	Apodemus sylvaticus	NCBI gene ID based annotations about Apodemus sylvaticus	NA	NA	OrgDb	2025-03-21	NCBI/UniProt	10129	org.Apodemus_sylvaticus.eg.sqlite
Apodichthys violaceus	Apodichthys violaceus	AH120837	Apodichthys violaceus	NCBI gene ID based annotations about Apodichthys violaceus	NA	NA	OrgDb	2025-03-21	NCBI/UniProt	271503	org.Apodichthys_violaceus.eg.sqlite
Apteryx mantelli	Apteryx mantelli	AH121223	Apteryx mantelli	NCBI gene ID based annotations about Apteryx mantelli	NA	NA	OrgDb	2025-03-21	NCBI/UniProt	2696672	org.Apteryx_mantelli.eg.sqlite
Aquila chrysaetos chrysaetos	Golden eagle	NA	NA	NA	acchrysaetos	Aquila chrysaetos chrysaetos	NA	NA	NA	223781	NA
Arabidopsis halleri subsp. gemmifera	Arabidopsis halleri	NA	NA	NA	ahalleri	Arabidopsis halleri subsp. gemmifera	NA	NA	NA	63677	NA
Arabidopsis lyrata_subsp._lyrata	Arabidopsis lyrata_subsp._lyrata	AH120163	Arabidopsis lyrata_subsp._lyrata	NCBI gene ID based annotations about Arabidopsis lyrata_subsp._lyrata	alyrata	Arabidopsis lyrata subsp. lyrata	OrgDb	2025-03-21	NCBI/UniProt	81972	org.Arabidopsis_lyrata_subsp._lyrata.eg.sqlite
Arabidopsis salsuginea	Arabidopsis salsuginea	AH120239	Arabidopsis salsuginea	NCBI gene ID based annotations about Arabidopsis salsuginea	esalsugineum	Eutrema salsugineum	OrgDb	2025-03-21	NCBI/UniProt	72664	org.Arabidopsis_salsuginea.eg.sqlite
Arabidopsis thaliana	Arabidopsis thaliana	AH121945	Arabidopsis thaliana	NCBI gene ID based annotations about Arabidopsis thaliana	athaliana	Arabidopsis thaliana	OrgDb	2025-10-29	NCBI/ensembl	3702	org.At.tair.db.sqlite
Arabis alpina	Arabis alpina	NA	NA	NA	aalpina	Arabis alpina	NA	NA	NA	50452	NA
Arachis duranensis	Arachis duranensis	AH119797	Arachis duranensis	NCBI gene ID based annotations about Arachis duranensis	NA	NA	OrgDb	2025-03-21	NCBI/UniProt	130453	org.Arachis_duranensis.eg.sqlite
Arachis hypogaea	Arachis hypogaea	AH119549	Arachis hypogaea	NCBI gene ID based annotations about Arachis hypogaea	NA	NA	OrgDb	2025-03-21	NCBI/UniProt	3818	org.Arachis_hypogaea.eg.sqlite
Arachis ipaensis	Arachis ipaensis	AH119717	Arachis ipaensis	NCBI gene ID based annotations about Arachis ipaensis	NA	NA	OrgDb	2025-03-21	NCBI/UniProt	130454	org.Arachis_ipaensis.eg.sqlite
Arachis stenosperma	Arachis stenosperma	AH119688	Arachis stenosperma	NCBI gene ID based annotations about Arachis stenosperma	NA	NA	OrgDb	2025-03-21	NCBI/UniProt	217475	org.Arachis_stenosperma.eg.sqlite
Aranea bruennichi	Aranea bruennichi	AH119975	Aranea bruennichi	NCBI gene ID based annotations about Aranea bruennichi	abgca947563725v1rs	Argiope bruennichi	OrgDb	2025-03-21	NCBI/UniProt	94029	org.Aranea_bruennichi.eg.sqlite
Arctomys flaviventer	Arctomys flaviventer	AH120154	Arctomys flaviventer	NCBI gene ID based annotations about Arctomys flaviventer	NA	NA	OrgDb	2025-03-21	NCBI/UniProt	93162	org.Arctomys_flaviventer.eg.sqlite
Ardea americana	Ardea americana	AH121271	Ardea americana	NCBI gene ID based annotations about Ardea americana	NA	NA	OrgDb	2025-03-21	NCBI/UniProt	9117	org.Ardea_americana.eg.sqlite
Argentina anserina	Argentina anserina	AH121106	Argentina anserina	NCBI gene ID based annotations about Argentina anserina	NA	NA	OrgDb	2025-03-21	NCBI/UniProt	57926	org.Argentina_anserina.eg.sqlite
Aristolochia californica	Aristolochia californica	AH120225	Aristolochia californica	NCBI gene ID based annotations about Aristolochia californica	NA	NA	OrgDb	2025-03-21	NCBI/UniProt	171875	org.Aristolochia_californica.eg.sqlite
Arius graeffei	Arius graeffei	AH119991	Arius graeffei	NCBI gene ID based annotations about Arius graeffei	NA	NA	OrgDb	2025-03-21	NCBI/UniProt	443677	org.Arius_graeffei.eg.sqlite
Armeniaca mume	Armeniaca mume	AH120889	Armeniaca mume	NCBI gene ID based annotations about Armeniaca mume	NA	NA	OrgDb	2025-03-21	NCBI/UniProt	102107	org.Armeniaca_mume.eg.sqlite
Armigeres subalbatus	Armigeres subalbatus	AH120901	Armigeres subalbatus	NCBI gene ID based annotations about Armigeres subalbatus	NA	NA	OrgDb	2025-03-21	NCBI/UniProt	124917	org.Armigeres_subalbatus.eg.sqlite
Artemia franciscana	Artemia franciscana	AH121371	Artemia franciscana	NCBI gene ID based annotations about Artemia franciscana	NA	NA	OrgDb	2025-03-21	NCBI/UniProt	6661	org.Artemia_franciscana.eg.sqlite
Artibeus jamaicensis	Artibeus jamaicensis	AH120609	Artibeus jamaicensis	NCBI gene ID based annotations about Artibeus jamaicensis	NA	NA	OrgDb	2025-03-21	NCBI/UniProt	9417	org.Artibeus_jamaicensis.eg.sqlite
Arundo australis	Arundo australis	AH119729	Arundo australis	NCBI gene ID based annotations about Arundo australis	NA	NA	OrgDb	2025-03-21	NCBI/UniProt	29695	org.Arundo_australis.eg.sqlite
Arvicanthis niloticus	Arvicanthis niloticus	AH120374	Arvicanthis niloticus	NCBI gene ID based annotations about Arvicanthis niloticus	NA	NA	OrgDb	2025-03-21	NCBI/UniProt	61156	org.Arvicanthis_niloticus.eg.sqlite
Arvicola amphibius	Arvicola amphibius	AH120720	Arvicola amphibius	NCBI gene ID based annotations about Arvicola amphibius	NA	NA	OrgDb	2025-03-21	NCBI/UniProt	1047088	org.Arvicola_amphibius.eg.sqlite
Arvicola nivalis	Arvicola nivalis	AH120681	Arvicola nivalis	NCBI gene ID based annotations about Arvicola nivalis	NA	NA	OrgDb	2025-03-21	NCBI/UniProt	269649	org.Arvicola_nivalis.eg.sqlite
Arvicola princeps	Arvicola princeps	AH120729	Arvicola princeps	NCBI gene ID based annotations about Arvicola princeps	oprinceps	Ochotona princeps	OrgDb	2025-03-21	NCBI/UniProt	9978	org.Arvicola_princeps.eg.sqlite
Ascaris longissima	Ascaris longissima	AH121247	Ascaris longissima	NCBI gene ID based annotations about Ascaris longissima	llgca910592395v2	Lineus longissimus	OrgDb	2025-03-21	NCBI/UniProt	88925	org.Ascaris_longissima.eg.sqlite
Ascaris lumbricoides	Ascaris lumbricoides	NA	NA	NA	aslumbprjeb4950	Ascaris lumbricoides	NA	NA	NA	6252	NA
Ascaris suum	Ascaris suum (PRJNA80881)	NA	NA	NA	assuumprjna80881	Ascaris suum	NA	NA	NA	6253	NA
Asparagus litoralis	Asparagus litoralis	AH120306	Asparagus litoralis	NCBI gene ID based annotations about Asparagus litoralis	aofficinalis	Asparagus officinalis	OrgDb	2025-03-21	NCBI/UniProt	4686	org.Asparagus_litoralis.eg.sqlite
Aspergillus clavatus NRRL 1	Aspergillus clavatus NRRL 1	NA	NA	NA	aclavatus	Aspergillus clavatus NRRL 1	NA	NA	NA	344612	NA
Aspergillus fischeri NRRL 181	Aspergillus fischeri NRRL 181	NA	NA	NA	nfischeri	Aspergillus fischeri NRRL 181	NA	NA	NA	331117	NA
Aspergillus flavus NRRL3357	Aspergillus flavus NRRL3357	NA	NA	NA	aflavus	Aspergillus flavus NRRL3357	NA	NA	NA	332952	NA
Aspergillus fumigatus A1163	Aspergillus fumigatus A1163	NA	NA	NA	afumigatusa1163	Aspergillus fumigatus A1163	NA	NA	NA	451804	NA
Aspergillus fumigatus Af293	Aspergillus fumigatus Af293	NA	NA	NA	afumigatus	Aspergillus fumigatus Af293	NA	NA	NA	330879	NA
Aspergillus nidulans FGSC A4	Aspergillus nidulans	NA	NA	NA	anidulans	Aspergillus nidulans FGSC A4	NA	NA	NA	227321	NA
Aspergillus niger	Aspergillus niger	NA	NA	NA	aniger	Aspergillus niger	NA	NA	NA	5061	NA
Aspergillus oryzae RIB40	Aspergillus oryzae RIB40	NA	NA	NA	aoryzae	Aspergillus oryzae RIB40	NA	NA	NA	510516	NA
Aspergillus terreus NIH2624	Aspergillus terreus NIH2624	NA	NA	NA	aterreus	Aspergillus terreus NIH2624	NA	NA	NA	341663	NA
Astacus quadricarinatus	Astacus quadricarinatus	AH121254	Astacus quadricarinatus	NCBI gene ID based annotations about Astacus quadricarinatus	cqgca026875155v2rs	Cherax quadricarinatus	OrgDb	2025-03-21	NCBI/UniProt	27406	org.Astacus_quadricarinatus.eg.sqlite
Astatotilapia burtoni	Astatotilapia burtoni	AH120690	Astatotilapia burtoni	NCBI gene ID based annotations about Astatotilapia burtoni	hburtoni	Haplochromis burtoni	OrgDb	2025-03-21	NCBI/UniProt	8153	org.Astatotilapia_burtoni.eg.sqlite
Astatotilapia calliptera	Eastern happy	NA	NA	NA	acalliptera	Astatotilapia calliptera	NA	NA	NA	8154	NA
Asteracanthion distichum	Asteracanthion distichum	AH121327	Asteracanthion distichum	NCBI gene ID based annotations about Asteracanthion distichum	argca902459465v3	Asterias rubens	OrgDb	2025-03-21	NCBI/UniProt	7604	org.Asteracanthion_distichum.eg.sqlite
Asterias miniata	Asterias miniata	AH120760	Asterias miniata	NCBI gene ID based annotations about Asterias miniata	pmgca015706575v1	Patiria miniata	OrgDb	2025-03-21	NCBI/UniProt	46514	org.Asterias_miniata.eg.sqlite
Astyanax mexicanus	Astyanax mexicanus	AH119686	Astyanax mexicanus	NCBI gene ID based annotations about Astyanax mexicanus	amexicanus	Astyanax mexicanus	OrgDb	2025-03-21	NCBI/UniProt	7994	org.Astyanax_mexicanus.eg.sqlite
Athalia rosae	Athalia rosae (Coleseed sawfly, reference)	NA	NA	NA	argca917208135v1	Athalia rosae	NA	NA	NA	37344	NA
Atherina mordax	Atherina mordax	AH120048	Atherina mordax	NCBI gene ID based annotations about Atherina mordax	NA	NA	OrgDb	2025-03-21	NCBI/UniProt	8014	org.Atherina_mordax.eg.sqlite
Atriophallophorus winterbourni	Atriophallophorus winterbourni	NA	NA	NA	atwintprjna636673	Atriophallophorus winterbourni	NA	NA	NA	2682772	NA
Atta cephalotes	Atta cephalotes (Leaf-cutter ant)	NA	NA	NA	acephalotes	Atta cephalotes	NA	NA	NA	12957	NA
Auanema sp. JU1783	Auanema ju1783	NA	NA	NA	auju17prjeb51845	Auanema sp. JU1783	NA	NA	NA	2878363	NA
Australorbis glabratus	Australorbis glabratus	AH120903	Australorbis glabratus	NCBI gene ID based annotations about Australorbis glabratus	bggca947242115v1rs	Biomphalaria glabrata	OrgDb	2025-03-21	NCBI/UniProt	6526	org.Australorbis_glabratus.eg.sqlite
Austroberyx affinis	Austroberyx affinis	AH120557	Austroberyx affinis	NCBI gene ID based annotations about Austroberyx affinis	NA	NA	OrgDb	2025-03-21	NCBI/UniProt	166261	org.Austroberyx_affinis.eg.sqlite
Austrofundulus limnaeus	Austrofundulus limnaeus	AH120876	Austrofundulus limnaeus	NCBI gene ID based annotations about Austrofundulus limnaeus	NA	NA	OrgDb	2025-03-21	NCBI/UniProt	52670	org.Austrofundulus_limnaeus.eg.sqlite
Avena sativa	Avena sativa OT3098	NA	NA	NA	asot3098	Avena sativa	NA	NA	NA	4498	NA
Bacillus redtenbacheri	Bacillus redtenbacheri	AH121384	Bacillus redtenbacheri	NCBI gene ID based annotations about Bacillus redtenbacheri	NA	NA	OrgDb	2025-03-21	NCBI/UniProt	93214	org.Bacillus_redtenbacheri.eg.sqlite
Bactrocera dorsalis	Bactrocera dorsalis - (Oriental fruit fly, Fly_Bdor)	NA	NA	NA	bdgca023373825v1rs	Bactrocera dorsalis	NA	NA	NA	27457	NA
Bactrocera latifrons	Bactrocera latifrons (Solanum fruit fly, USDA-ARS-PBARC rearing strain)	NA	NA	NA	blgca001853355v1	Bactrocera latifrons	NA	NA	NA	174628	NA
Bactrocera neohumeralis	Bactrocera neohumeralis (Lesser Queensland fruit fly, Rockhampton)	NA	NA	NA	bngca024586455v2rs	Bactrocera neohumeralis	NA	NA	NA	98809	NA
Bactrocera oleae	Bactrocera oleae (Olive fruit fly, Demokritus)	NA	NA	NA	bogca001188975v4rs	Bactrocera oleae	NA	NA	NA	104688	NA
Bactrocera tryoni	Bactrocera tryoni (Queensland fruitfly, S06)	NA	NA	NA	btgca016617805v2	Bactrocera tryoni	NA	NA	NA	59916	NA
Bagrus vachellii	Bagrus vachellii	AH120851	Bagrus vachellii	NCBI gene ID based annotations about Bagrus vachellii	NA	NA	OrgDb	2025-03-21	NCBI/UniProt	175792	org.Bagrus_vachellii.eg.sqlite
Balaena glacialis	Balaena glacialis	AH120460	Balaena glacialis	NCBI gene ID based annotations about Balaena glacialis	NA	NA	OrgDb	2025-03-21	NCBI/UniProt	27606	org.Balaena_glacialis.eg.sqlite
Balaenoptera acutorostrata	Balaenoptera acutorostrata	AH120579	Balaenoptera acutorostrata	NCBI gene ID based annotations about Balaenoptera acutorostrata	NA	NA	OrgDb	2025-03-21	NCBI/UniProt	9767	org.Balaenoptera_acutorostrata.eg.sqlite
Balaenoptera musculus	Blue whale	NA	NA	NA	bmusculus	Balaenoptera musculus	NA	NA	NA	9771	NA
Balaenoptera ricei	Balaenoptera ricei	AH120509	Balaenoptera ricei	NCBI gene ID based annotations about Balaenoptera ricei	NA	NA	OrgDb	2025-03-21	NCBI/UniProt	2746895	org.Balaenoptera_ricei.eg.sqlite
Balaenoptera robusta	Balaenoptera robusta	AH120621	Balaenoptera robusta	NCBI gene ID based annotations about Balaenoptera robusta	NA	NA	OrgDb	2025-03-21	NCBI/UniProt	9764	org.Balaenoptera_robusta.eg.sqlite
Balanoglossus kowalevskii	Balanoglossus kowalevskii	AH121196	Balanoglossus kowalevskii	NCBI gene ID based annotations about Balanoglossus kowalevskii	skgca000003605v1	Saccoglossus kowalevskii	OrgDb	2025-03-21	NCBI/UniProt	10224	org.Balanoglossus_kowalevskii.eg.sqlite
Barbus grahami	Barbus grahami	AH119673	Barbus grahami	NCBI gene ID based annotations about Barbus grahami	NA	NA	OrgDb	2025-03-21	NCBI/UniProt	75366	org.Barbus_grahami.eg.sqlite
Barbus tetrazona	Barbus tetrazona	AH119880	Barbus tetrazona	NCBI gene ID based annotations about Barbus tetrazona	NA	NA	OrgDb	2025-03-21	NCBI/UniProt	1606681	org.Barbus_tetrazona.eg.sqlite
Beauveria bassiana	Beauveria bassiana	NA	NA	NA	bbassiana	Beauveria bassiana	NA	NA	NA	176275	NA
Belgica antarctica	Belgica antarctica (Antarctic midge)	NA	NA	NA	bantarctica	Belgica antarctica	NA	NA	NA	315563	NA
Bemisia tabaci	Bemisia tabaci (Silverleaf whitefly, Uganda-1)	NA	NA	NA	btuganda1	Bemisia tabaci	NA	NA	NA	7038	NA
Benincasa cerifera	Benincasa cerifera	AH120937	Benincasa cerifera	NCBI gene ID based annotations about Benincasa cerifera	NA	NA	OrgDb	2025-03-21	NCBI/UniProt	102211	org.Benincasa_cerifera.eg.sqlite
Beta vulgaris_subsp._vulgaris	Beta vulgaris_subsp._vulgaris	AH120505	Beta vulgaris_subsp._vulgaris	NCBI gene ID based annotations about Beta vulgaris_subsp._vulgaris	bvulgaris	Beta vulgaris subsp. vulgaris	OrgDb	2025-03-21	NCBI/UniProt	3555	org.Beta_vulgaris_subsp._vulgaris.eg.sqlite
Betta splendens	Siamese fighting fish	NA	NA	NA	bsplendens	Betta splendens	NA	NA	NA	158456	NA
Bicyclus anynana	Bicyclus anynana - (squinting bush brown, reference)	NA	NA	NA	bagca947172395v1	Bicyclus anynana	NA	NA	NA	110368	NA
Bigelowiella natans CCMP2755	Bigelowiella natans	NA	NA	NA	bnatans	Bigelowiella natans CCMP2755	NA	NA	NA	753081	NA
Bison bison_bison	Bison bison_bison	AH120957	Bison bison_bison	NCBI gene ID based annotations about Bison bison_bison	bbbison	Bison bison bison	OrgDb	2025-03-21	NCBI/UniProt	43346	org.Bison_bison_bison.eg.sqlite
Blatta americana	Blatta americana	AH120984	Blatta americana	NCBI gene ID based annotations about Blatta americana	NA	NA	OrgDb	2025-03-21	NCBI/UniProt	6978	org.Blatta_americana.eg.sqlite
Blumeria hordei DH14	Blumeria graminis	NA	NA	NA	bgraminis	Blumeria hordei DH14	NA	NA	NA	546991	NA
Bodianus pulcher	Bodianus pulcher	AH120471	Bodianus pulcher	NCBI gene ID based annotations about Bodianus pulcher	NA	NA	OrgDb	2025-03-21	NCBI/UniProt	241346	org.Bodianus_pulcher.eg.sqlite
Boleophthalmus pectinirostris	Boleophthalmus pectinirostris	AH120874	Boleophthalmus pectinirostris	NCBI gene ID based annotations about Boleophthalmus pectinirostris	NA	NA	OrgDb	2025-03-21	NCBI/UniProt	150288	org.Boleophthalmus_pectinirostris.eg.sqlite
Bombina bombina	Bombina bombina	AH120397	Bombina bombina	NCBI gene ID based annotations about Bombina bombina	NA	NA	OrgDb	2025-03-21	NCBI/UniProt	8345	org.Bombina_bombina.eg.sqlite
Bombina fusca	Bombina fusca	AH119712	Bombina fusca	NCBI gene ID based annotations about Bombina fusca	NA	NA	OrgDb	2025-03-21	NCBI/UniProt	191477	org.Bombina_fusca.eg.sqlite
Bombus affinis	Bombus affinis (Rusty patched bumble bee, iyBomAffi1)	NA	NA	NA	bagca024516045v2rs	Bombus affinis	NA	NA	NA	309941	NA
Bombus huntii	Bombus huntii (Hunt's bumblebee, Logan2020A)	NA	NA	NA	bhgca024542735v1rs	Bombus huntii	NA	NA	NA	85661	NA
Bombus impatiens	Bombus impatiens (Common eastern bumblebee)	NA	NA	NA	bimpatiens	Bombus impatiens	NA	NA	NA	132113	NA
Bombus terrestris	Bombus terrestris (buff-tailed bumblebee, reference)	NA	NA	NA	btgca910591885v2	Bombus terrestris	NA	NA	NA	30195	NA
Bombus vancouverensis nearcticus	Bombus vancouverensis nearcticus (Montane Bumble Bee, JDL1245)	NA	NA	NA	bvgca011952275v1rs	Bombus vancouverensis nearcticus	NA	NA	NA	2705178	NA
Bombyx mandarina	Bombyx mandarina (Wild silkworm, Bman2017)	NA	NA	NA	bmgca003987935v1rs	Bombyx mandarina	NA	NA	NA	7092	NA
Bombyx mori	Bombyx mori	AH121451	Bombyx mori	NCBI gene ID based annotations about Bombyx mori	bmgca030269925v1rs	Bombyx mori	OrgDb	2025-03-21	NCBI/UniProt	7091	org.Bombyx_mori.eg.sqlite
Boophilus microplus	Boophilus microplus	AH120663	Boophilus microplus	NCBI gene ID based annotations about Boophilus microplus	rmgca013339725v1	Rhipicephalus microplus	OrgDb	2025-03-21	NCBI/UniProt	6941	org.Boophilus_microplus.eg.sqlite
Bos banteng	Bos banteng	AH120089	Bos banteng	NCBI gene ID based annotations about Bos banteng	NA	NA	OrgDb	2025-03-21	NCBI/UniProt	9906	org.Bos_banteng.eg.sqlite
Bos bubalis	Bos bubalis	AH120002	Bos bubalis	NCBI gene ID based annotations about Bos bubalis	NA	NA	OrgDb	2025-03-21	NCBI/UniProt	89462	org.Bos_bubalis.eg.sqlite
Bos grunniens	Domestic yak	NA	NA	NA	bgrunniens	Bos grunniens	NA	NA	NA	30521	NA
Bos grunniens_mutus	Bos grunniens_mutus	AH120530	Bos grunniens_mutus	NCBI gene ID based annotations about Bos grunniens_mutus	bmutus	Bos mutus	OrgDb	2025-03-21	NCBI/UniProt	72004	org.Bos_grunniens_mutus.eg.sqlite
Bos indicus	Bos indicus	AH120176	Bos indicus	NCBI gene ID based annotations about Bos indicus	NA	NA	OrgDb	2025-03-21	NCBI/UniProt	9915	org.Bos_indicus.eg.sqlite
Bos indicus_x_Bos_taurus	Bos indicus_x_Bos_taurus	AH120281	Bos indicus_x_Bos_taurus	NCBI gene ID based annotations about Bos indicus_x_Bos_taurus	bihybrid	Bos indicus x Bos taurus	OrgDb	2025-03-21	NCBI/UniProt	30522	org.Bos_indicus_x_Bos_taurus.eg.sqlite
Bos taurus	Bos taurus	AH121946	Bos taurus	NCBI gene ID based annotations about Bos taurus	btaurus	Bos taurus	OrgDb	2025-10-29	NCBI/ensembl	9913	org.Bt.eg.db.sqlite
Botrytis cinerea B05.10	Botrytis cinerea B05.10	NA	NA	NA	bcinerea	Botrytis cinerea B05.10	NA	NA	NA	332648	NA
Brachionichthys hirsutus	Brachionichthys hirsutus	AH120995	Brachionichthys hirsutus	NCBI gene ID based annotations about Brachionichthys hirsutus	NA	NA	OrgDb	2025-03-21	NCBI/UniProt	412623	org.Brachionichthys_hirsutus.eg.sqlite
Brachyistius frenatus	Brachyistius frenatus	AH121125	Brachyistius frenatus	NCBI gene ID based annotations about Brachyistius frenatus	NA	NA	OrgDb	2025-03-21	NCBI/UniProt	100188	org.Brachyistius_frenatus.eg.sqlite
Brachypodium distachyon	Brachypodium distachyon	AH120421	Brachypodium distachyon	NCBI gene ID based annotations about Brachypodium distachyon	bdistachyon	Brachypodium distachyon	OrgDb	2025-03-21	NCBI/UniProt	15368	org.Brachypodium_distachyon.eg.sqlite
Bradynema listronoti	Bradynema listronoti	NA	NA	NA	brlistprjna842945	Bradynema listronoti	NA	NA	NA	413010	NA
Bradysia coprophila	Bradysia coprophila	AH121312	Bradysia coprophila	NCBI gene ID based annotations about Bradysia coprophila	bcgca014529535v1rs	Bradysia coprophila	OrgDb	2025-03-21	NCBI/UniProt	38358	org.Bradysia_coprophila.eg.sqlite
Branchiostoma lanceolatum	Branchiostoma lanceolatum	AH120648	Branchiostoma lanceolatum	NCBI gene ID based annotations about Branchiostoma lanceolatum	blgca035083965v1rs	Branchiostoma lanceolatum	OrgDb	2025-03-21	NCBI/UniProt	7740	org.Branchiostoma_lanceolatum.eg.sqlite
Brassica juncea	Brassica juncea	NA	NA	NA	bjuncea	Brassica juncea	NA	NA	NA	3707	NA
Brassica napus	Brassica napus	AH119548	Brassica napus	NCBI gene ID based annotations about Brassica napus	bnapus	Brassica napus	OrgDb	2025-03-21	NCBI/UniProt	3708	org.Brassica_napus.eg.sqlite
Brassica oleracea	Brassica oleracea	AH119683	Brassica oleracea	NCBI gene ID based annotations about Brassica oleracea	NA	NA	OrgDb	2025-03-21	NCBI/UniProt	3712	org.Brassica_oleracea.eg.sqlite
Brassica oleracea var. oleracea	Brassica oleracea	NA	NA	NA	boleracea	Brassica oleracea var. oleracea	NA	NA	NA	109376	NA
Brassica rapa	Brassica rapa	AH119699	Brassica rapa	NCBI gene ID based annotations about Brassica rapa	brapa	Brassica rapa	OrgDb	2025-03-21	NCBI/UniProt	3711	org.Brassica_rapa.eg.sqlite
Brassica rapa subsp. trilocularis	Brassica rapa R-o-18	NA	NA	NA	brro18	Brassica rapa subsp. trilocularis	NA	NA	NA	1813537	NA
Brienomyrus brachyistius	Brienomyrus brachyistius	AH119733	Brienomyrus brachyistius	NCBI gene ID based annotations about Brienomyrus brachyistius	NA	NA	OrgDb	2025-03-21	NCBI/UniProt	42636	org.Brienomyrus_brachyistius.eg.sqlite
Brugia malayi	Brugia malayi	NA	NA	NA	brmalaprjna10729	Brugia malayi	NA	NA	NA	6279	NA
Brugia pahangi	Brugia pahangi	NA	NA	NA	brpahaprjeb497	Brugia pahangi	NA	NA	NA	6280	NA
Brugia timori	Brugia timori	NA	NA	NA	brtimoprjeb4663	Brugia timori	NA	NA	NA	42155	NA
Bubalus arnee_carabanensis	Bubalus arnee_carabanensis	AH119867	Bubalus arnee_carabanensis	NCBI gene ID based annotations about Bubalus arnee_carabanensis	NA	NA	OrgDb	2025-03-21	NCBI/UniProt	3119969	org.Bubalus_arnee_carabanensis.eg.sqlite
Bucco pusillus	Bucco pusillus	AH121314	Bucco pusillus	NCBI gene ID based annotations about Bucco pusillus	NA	NA	OrgDb	2025-03-21	NCBI/UniProt	488313	org.Bucco_pusillus.eg.sqlite
Budorcas taxicolor	Budorcas taxicolor	AH120717	Budorcas taxicolor	NCBI gene ID based annotations about Budorcas taxicolor	NA	NA	OrgDb	2025-03-21	NCBI/UniProt	37181	org.Budorcas_taxicolor.eg.sqlite
Bufo bufo	Bufo bufo	AH120287	Bufo bufo	NCBI gene ID based annotations about Bufo bufo	NA	NA	OrgDb	2025-03-21	NCBI/UniProt	8384	org.Bufo_bufo.eg.sqlite
Bufo bufo_gargarizans	Bufo bufo_gargarizans	AH120781	Bufo bufo_gargarizans	NCBI gene ID based annotations about Bufo bufo_gargarizans	NA	NA	OrgDb	2025-03-21	NCBI/UniProt	30331	org.Bufo_bufo_gargarizans.eg.sqlite
Burrica mexicana	Burrica mexicana	AH121323	Burrica mexicana	NCBI gene ID based annotations about Burrica mexicana	NA	NA	OrgDb	2025-03-21	NCBI/UniProt	30427	org.Burrica_mexicana.eg.sqlite
Bursaphelenchus okinawaensis	Bursaphelenchus okinawaensis	NA	NA	NA	buokinprjeb40023	Bursaphelenchus okinawaensis	NA	NA	NA	465554	NA
Bursaphelenchus xylophilus	Bursaphelenchus xylophilus (PRJEB40022)	NA	NA	NA	buxyloprjeb40022	Bursaphelenchus xylophilus	NA	NA	NA	6326	NA
Buthus vittatus	Buthus vittatus	AH121147	Buthus vittatus	NCBI gene ID based annotations about Buthus vittatus	NA	NA	OrgDb	2025-03-21	NCBI/UniProt	120091	org.Buthus_vittatus.eg.sqlite
Caecilia seraphini	Caecilia seraphini	AH121076	Caecilia seraphini	NCBI gene ID based annotations about Caecilia seraphini	NA	NA	OrgDb	2025-03-21	NCBI/UniProt	260995	org.Caecilia_seraphini.eg.sqlite
Caenorhabditis angaria	Caenorhabditis angaria	NA	NA	NA	caangaprjna51225	Caenorhabditis angaria	NA	NA	NA	860376	NA
Caenorhabditis auriculariae	Caenorhabditis auriculariae	NA	NA	NA	caauriprjeb40642	Caenorhabditis auriculariae	NA	NA	NA	2777116	NA
Caenorhabditis becei	Caenorhabditis becei	NA	NA	NA	cabeceprjeb28243	Caenorhabditis becei	NA	NA	NA	2301260	NA
Caenorhabditis bovis	Caenorhabditis bovis	NA	NA	NA	caboviprjeb34497	Caenorhabditis bovis	NA	NA	NA	2654633	NA
Caenorhabditis brenneri	Caenorhabditis brenneri	NA	NA	NA	cabrenprjna20035	Caenorhabditis brenneri	NA	NA	NA	135651	NA
Caenorhabditis briggsae	Caenorhabditis briggsae	AH121164	Caenorhabditis briggsae	NCBI gene ID based annotations about Caenorhabditis briggsae	vx34prjna784955	Caenorhabditis briggsae	OrgDb	2025-03-21	NCBI/UniProt	6238	org.Caenorhabditis_briggsae.eg.sqlite
Caenorhabditis elegans	Caenorhabditis elegans	AH121958	Caenorhabditis elegans	NCBI gene ID based annotations about Caenorhabditis elegans	caelegprjna13758	Caenorhabditis elegans	OrgDb	2025-10-29	NCBI/ensembl	6239	org.Ce.eg.db.sqlite
Caenorhabditis inopinata	Caenorhabditis inopinata	NA	NA	NA	cainopprjdb5687	Caenorhabditis inopinata	NA	NA	NA	1978547	NA
Caenorhabditis japonica	Caenorhabditis japonica	NA	NA	NA	cajapoprjna12591	Caenorhabditis japonica	NA	NA	NA	281687	NA
Caenorhabditis latens	Caenorhabditis latens	NA	NA	NA	calateprjna248912	Caenorhabditis latens	NA	NA	NA	1503980	NA
Caenorhabditis nigoni	Caenorhabditis nigoni	NA	NA	NA	canigoprjna384657	Caenorhabditis nigoni	NA	NA	NA	1611254	NA
Caenorhabditis panamensis	Caenorhabditis panamensis	NA	NA	NA	capanaprjeb28259	Caenorhabditis panamensis	NA	NA	NA	2301259	NA
Caenorhabditis parvicauda	Caenorhabditis parvicauda	NA	NA	NA	caparvprjeb12595	Caenorhabditis parvicauda	NA	NA	NA	2305859	NA
Caenorhabditis quiockensis	Caenorhabditis quiockensis	NA	NA	NA	caquioprjeb11354	Caenorhabditis quiockensis	NA	NA	NA	2305861	NA
Caenorhabditis remanei	Caenorhabditis remanei	AH120920	Caenorhabditis remanei	NCBI gene ID based annotations about Caenorhabditis remanei	caremaprjna248909	Caenorhabditis remanei	OrgDb	2025-03-21	NCBI/UniProt	31234	org.Caenorhabditis_remanei.eg.sqlite
Caenorhabditis sinica	Caenorhabditis sinica	NA	NA	NA	casiniprjna194557	Caenorhabditis sinica	NA	NA	NA	1550068	NA
Caenorhabditis sulstoni	Caenorhabditis sulstoni	NA	NA	NA	casulsprjeb12601	Caenorhabditis sulstoni	NA	NA	NA	2305862	NA
Caenorhabditis tribulationis	Caenorhabditis tribulationis	NA	NA	NA	catribprjeb12608	Caenorhabditis tribulationis	NA	NA	NA	2306311	NA
Caenorhabditis tropicalis	Caenorhabditis tropicalis	NA	NA	NA	catropprjna53597	Caenorhabditis tropicalis	NA	NA	NA	1561998	NA
Caenorhabditis uteleia	Caenorhabditis uteleia	NA	NA	NA	cautelprjeb12600	Caenorhabditis uteleia	NA	NA	NA	2305860	NA
Caenorhabditis waitukubuli	Caenorhabditis waitukubuli	NA	NA	NA	cawaitprjeb12602	Caenorhabditis waitukubuli	NA	NA	NA	2305864	NA
Caenorhabditis zanzibari	Caenorhabditis zanzibari	NA	NA	NA	cazanzprjeb12596	Caenorhabditis zanzibari	NA	NA	NA	2306312	NA
Cajanus cajan	Cajanus cajan	AH120229	Cajanus cajan	NCBI gene ID based annotations about Cajanus cajan	ccajan	Cajanus cajan	OrgDb	2025-03-21	NCBI/UniProt	3821	org.Cajanus_cajan.eg.sqlite
Caligus salmonis	Caligus salmonis	AH121394	Caligus salmonis	NCBI gene ID based annotations about Caligus salmonis	lsgca016086655v3rs	Lepeophtheirus salmonis	OrgDb	2025-03-21	NCBI/UniProt	72036	org.Caligus_salmonis.eg.sqlite
Callionymus splendidus	Callionymus splendidus	AH120977	Callionymus splendidus	NCBI gene ID based annotations about Callionymus splendidus	NA	NA	OrgDb	2025-03-21	NCBI/UniProt	270530	org.Callionymus_splendidus.eg.sqlite
Callithrix jacchus_jacchus	Callithrix jacchus_jacchus	AH119826	Callithrix jacchus_jacchus	NCBI gene ID based annotations about Callithrix jacchus_jacchus	cjacchus	Callithrix jacchus	OrgDb	2025-03-21	NCBI/UniProt	9483	org.Callithrix_jacchus_jacchus.eg.sqlite
Callorhinchus milii	Callorhinchus milii	AH121202	Callorhinchus milii	NCBI gene ID based annotations about Callorhinchus milii	cmilii	Callorhinchus milii	OrgDb	2025-03-21	NCBI/UniProt	7868	org.Callorhinchus_milii.eg.sqlite
Callorhinus ursinus	Callorhinus ursinus	AH120122	Callorhinus ursinus	NCBI gene ID based annotations about Callorhinus ursinus	NA	NA	OrgDb	2025-03-21	NCBI/UniProt	34884	org.Callorhinus_ursinus.eg.sqlite
Caloenas nicobarica	Caloenas nicobarica	AH121405	Caloenas nicobarica	NCBI gene ID based annotations about Caloenas nicobarica	NA	NA	OrgDb	2025-03-21	NCBI/UniProt	187106	org.Caloenas_nicobarica.eg.sqlite
Cambarus clarkii	Cambarus clarkii	AH119767	Cambarus clarkii	NCBI gene ID based annotations about Cambarus clarkii	pcgca020424385v2	Procambarus clarkii	OrgDb	2025-03-21	NCBI/UniProt	6728	org.Cambarus_clarkii.eg.sqlite
Camelina sativa	Camelina sativa	AH119574	Camelina sativa	NCBI gene ID based annotations about Camelina sativa	csativa	Camelina sativa	OrgDb	2025-03-21	NCBI/UniProt	90675	org.Camelina_sativa.eg.sqlite
Camellia sinensis	Camellia sinensis	AH119608	Camellia sinensis	NCBI gene ID based annotations about Camellia sinensis	NA	NA	OrgDb	2025-03-21	NCBI/UniProt	4442	org.Camellia_sinensis.eg.sqlite
Camelus bactrianus	Camelus bactrianus	AH120588	Camelus bactrianus	NCBI gene ID based annotations about Camelus bactrianus	NA	NA	OrgDb	2025-03-21	NCBI/UniProt	9837	org.Camelus_bactrianus.eg.sqlite
Camelus bactrianus_ferus	Camelus bactrianus_ferus	AH120223	Camelus bactrianus_ferus	NCBI gene ID based annotations about Camelus bactrianus_ferus	NA	NA	OrgDb	2025-03-21	NCBI/UniProt	419612	org.Camelus_bactrianus_ferus.eg.sqlite
Camelus dromedarius	Camelus dromedarius	AH120433	Camelus dromedarius	NCBI gene ID based annotations about Camelus dromedarius	cdromedarius	Camelus dromedarius	OrgDb	2025-03-21	NCBI/UniProt	9838	org.Camelus_dromedarius.eg.sqlite
Camelus pacos	Camelus pacos	AH120453	Camelus pacos	NCBI gene ID based annotations about Camelus pacos	vpacos	Vicugna pacos	OrgDb	2025-03-21	NCBI/UniProt	30538	org.Camelus_pacos.eg.sqlite
Camponotus floridanus	Camponotus floridanus (Florida carpenter ant, SB8)	NA	NA	NA	cfgca003227725v1rs	Camponotus floridanus	NA	NA	NA	104421	NA
Cancer chinensis	Cancer chinensis	AH121091	Cancer chinensis	NCBI gene ID based annotations about Cancer chinensis	pcgca019202785v2rs	Penaeus chinensis	OrgDb	2025-03-21	NCBI/UniProt	139456	org.Cancer_chinensis.eg.sqlite
Candida albicans SC5314	Candida albicans	NA	NA	NA	calbicans	Candida albicans SC5314	NA	NA	NA	237561	NA
Candida parapsilosis CDC317	Candida parapsilosis	NA	NA	NA	cparapsilosis	Candida parapsilosis CDC317	NA	NA	NA	578454	NA
Candida tropicalis MYA-3404	Candida tropicalis	NA	NA	NA	ctropicalis	Candida tropicalis MYA-3404	NA	NA	NA	294747	NA
Candidozyma auris	Candida auris	NA	NA	NA	cauris	Candidozyma auris	NA	NA	NA	498019	NA
Candidozyma duobushaemuli	Candida duobushaemulonis	NA	NA	NA	cduobushaemulonis	Candidozyma duobushaemuli	NA	NA	NA	1231522	NA
Candidozyma haemuli	[Candida] haemuloni	NA	NA	NA	chaemuloni	Candidozyma haemuli	NA	NA	NA	45357	NA
Candidozyma pseudohaemuli	[Candida] pseudohaemulonii	NA	NA	NA	cpseudohaemulonis	Candidozyma pseudohaemuli	NA	NA	NA	418784	NA
Candoia aspera	Candoia aspera	AH121293	Candoia aspera	NCBI gene ID based annotations about Candoia aspera	NA	NA	OrgDb	2025-03-21	NCBI/UniProt	51853	org.Candoia_aspera.eg.sqlite
Canis familiaris	Canis familiaris	AH121947	Canis familiaris	NCBI gene ID based annotations about Canis familiaris	clfamiliaris	Canis lupus familiaris	OrgDb	2025-10-29	NCBI/ensembl	9615	org.Cf.eg.db.sqlite
Canis hyaena	Canis hyaena	AH120593	Canis hyaena	NCBI gene ID based annotations about Canis hyaena	NA	NA	OrgDb	2025-03-21	NCBI/UniProt	95912	org.Canis_hyaena.eg.sqlite
Canis lupus dingo	Dingo	NA	NA	NA	cldingo	Canis lupus dingo	NA	NA	NA	286419	NA
Canis procyonoides	Canis procyonoides	AH120580	Canis procyonoides	NCBI gene ID based annotations about Canis procyonoides	NA	NA	OrgDb	2025-03-21	NCBI/UniProt	34880	org.Canis_procyonoides.eg.sqlite
Cannabis sativa	Cannabis sativa	AH120088	Cannabis sativa	NCBI gene ID based annotations about Cannabis sativa	csfemale	Cannabis sativa	OrgDb	2025-03-21	NCBI/UniProt	3483	org.Cannabis_sativa.eg.sqlite
Capitella teleta	Capitella teleta (Bristle worm)	NA	NA	NA	cteleta	Capitella teleta	NA	NA	NA	283909	NA
Capra aegagrus_hircus	Capra aegagrus_hircus	AH120654	Capra aegagrus_hircus	NCBI gene ID based annotations about Capra aegagrus_hircus	chircus	Capra hircus	OrgDb	2025-03-21	NCBI/UniProt	9925	org.Capra_aegagrus_hircus.eg.sqlite
Capsella rubella	Capsella rubella	AH120604	Capsella rubella	NCBI gene ID based annotations about Capsella rubella	NA	NA	OrgDb	2025-03-21	NCBI/UniProt	81985	org.Capsella_rubella.eg.sqlite
Capsicum annuum	Capsicum annuum	AH119732	Capsicum annuum	NCBI gene ID based annotations about Capsicum annuum	cannuum	Capsicum annuum	OrgDb	2025-03-21	NCBI/UniProt	4072	org.Capsicum_annuum.eg.sqlite
Caranx dumerili	Caranx dumerili	AH121065	Caranx dumerili	NCBI gene ID based annotations about Caranx dumerili	sdumerili	Seriola dumerili	OrgDb	2025-03-21	NCBI/UniProt	41447	org.Caranx_dumerili.eg.sqlite
Carassius auratus	Goldfish	NA	NA	NA	cauratus	Carassius auratus	NA	NA	NA	7957	NA
Carassius auratus_gibelio	Carassius auratus_gibelio	AH119576	Carassius auratus_gibelio	NCBI gene ID based annotations about Carassius auratus_gibelio	NA	NA	OrgDb	2025-03-21	NCBI/UniProt	101364	org.Carassius_auratus_gibelio.eg.sqlite
Carassius carassius	Carassius carassius	AH119605	Carassius carassius	NCBI gene ID based annotations about Carassius carassius	NA	NA	OrgDb	2025-03-21	NCBI/UniProt	217509	org.Carassius_carassius.eg.sqlite
Carcharodon carcharias	Carcharodon carcharias	AH121023	Carcharodon carcharias	NCBI gene ID based annotations about Carcharodon carcharias	NA	NA	OrgDb	2025-03-21	NCBI/UniProt	13397	org.Carcharodon_carcharias.eg.sqlite
Caretta caretta	Caretta caretta	AH121042	Caretta caretta	NCBI gene ID based annotations about Caretta caretta	NA	NA	OrgDb	2025-03-21	NCBI/UniProt	8467	org.Caretta_caretta.eg.sqlite
Carica papaya	Carica papaya	AH121301	Carica papaya	NCBI gene ID based annotations about Carica papaya	NA	NA	OrgDb	2025-03-21	NCBI/UniProt	3649	org.Carica_papaya.eg.sqlite
Carlito syrichta	Carlito syrichta	AH120725	Carlito syrichta	NCBI gene ID based annotations about Carlito syrichta	csyrichta	Carlito syrichta	OrgDb	2025-03-21	NCBI/UniProt	1868482	org.Carlito_syrichta.eg.sqlite
Carpiodes asiaticus	Carpiodes asiaticus	AH119756	Carpiodes asiaticus	NCBI gene ID based annotations about Carpiodes asiaticus	NA	NA	OrgDb	2025-03-21	NCBI/UniProt	70543	org.Carpiodes_asiaticus.eg.sqlite
Carya illinoensis	Carya illinoensis	AH119777	Carya illinoensis	NCBI gene ID based annotations about Carya illinoensis	NA	NA	OrgDb	2025-03-21	NCBI/UniProt	32201	org.Carya_illinoensis.eg.sqlite
Cataglyphis hispanica	Cataglyphis hispanica (Desert ant, Lineage 1)	NA	NA	NA	chgca021464435v1rs	Cataglyphis hispanica	NA	NA	NA	1086592	NA
Catagonus wagneri	Chacoan peccary	NA	NA	NA	cwagneri	Catagonus wagneri	NA	NA	NA	51154	NA
Catostomus texanus	Catostomus texanus	AH119765	Catostomus texanus	NCBI gene ID based annotations about Catostomus texanus	NA	NA	OrgDb	2025-03-21	NCBI/UniProt	154827	org.Catostomus_texanus.eg.sqlite
Cavia aperea_porcellus	Cavia aperea_porcellus	AH119987	Cavia aperea_porcellus	NCBI gene ID based annotations about Cavia aperea_porcellus	cporcellus	Cavia porcellus	OrgDb	2025-03-21	NCBI/UniProt	10141	org.Cavia_aperea_porcellus.eg.sqlite
Cebus apella	Cebus apella	AH119820	Cebus apella	NCBI gene ID based annotations about Cebus apella	NA	NA	OrgDb	2025-03-21	NCBI/UniProt	9515	org.Cebus_apella.eg.sqlite
Cebus imitator	Panamanian white-faced capuchin	NA	NA	NA	cimitator	Cebus imitator	NA	NA	NA	2715852	NA
Centropristis striata	Centropristis striata	AH120086	Centropristis striata	NCBI gene ID based annotations about Centropristis striata	NA	NA	OrgDb	2025-03-21	NCBI/UniProt	184440	org.Centropristis_striata.eg.sqlite
Centruroides sculpturatus	Centruroides sculpturatus	AH120512	Centruroides sculpturatus	NCBI gene ID based annotations about Centruroides sculpturatus	csgca000671375v2	Centruroides sculpturatus	OrgDb	2025-03-21	NCBI/UniProt	218467	org.Centruroides_sculpturatus.eg.sqlite
Cephalopterus hypostomus	Cephalopterus hypostomus	AH121089	Cephalopterus hypostomus	NCBI gene ID based annotations about Cephalopterus hypostomus	NA	NA	OrgDb	2025-03-21	NCBI/UniProt	723540	org.Cephalopterus_hypostomus.eg.sqlite
Cerasus avium	Cerasus avium	AH120496	Cerasus avium	NCBI gene ID based annotations about Cerasus avium	pavium	Prunus avium	OrgDb	2025-03-21	NCBI/UniProt	42229	org.Cerasus_avium.eg.sqlite
Ceratitis capitata	Ceratitis capitata (Mediterranean fruit fly)	NA	NA	NA	ccgca000347755v4	Ceratitis capitata	NA	NA	NA	7213	NA
Ceratotherium simum_simum	Ceratotherium simum_simum	AH121006	Ceratotherium simum_simum	NCBI gene ID based annotations about Ceratotherium simum_simum	NA	NA	OrgDb	2025-03-21	NCBI/UniProt	73337	org.Ceratotherium_simum_simum.eg.sqlite
Cercocebus atys	Cercocebus atys	AH120490	Cercocebus atys	NCBI gene ID based annotations about Cercocebus atys	catys	Cercocebus atys	OrgDb	2025-03-21	NCBI/UniProt	9531	org.Cercocebus_atys.eg.sqlite
Cercopithecus aethiops_sabaeus	Cercopithecus aethiops_sabaeus	AH120101	Cercopithecus aethiops_sabaeus	NCBI gene ID based annotations about Cercopithecus aethiops_sabaeus	csabaeus	Chlorocebus sabaeus	OrgDb	2025-03-21	NCBI/UniProt	60711	org.Cercopithecus_aethiops_sabaeus.eg.sqlite
Cercopithifilaria johnstoni	Cercopithifilaria johnstoni	NA	NA	NA	cejohnprjeb47283	Cercopithifilaria johnstoni	NA	NA	NA	2874296	NA
Cervus canadensis	Cervus canadensis	AH120065	Cervus canadensis	NCBI gene ID based annotations about Cervus canadensis	NA	NA	OrgDb	2025-03-21	NCBI/UniProt	1574408	org.Cervus_canadensis.eg.sqlite
Cervus dama	Cervus dama	AH120144	Cervus dama	NCBI gene ID based annotations about Cervus dama	NA	NA	OrgDb	2025-03-21	NCBI/UniProt	30532	org.Cervus_dama.eg.sqlite
Cervus elaphus	Cervus elaphus	AH119997	Cervus elaphus	NCBI gene ID based annotations about Cervus elaphus	NA	NA	OrgDb	2025-03-21	NCBI/UniProt	9860	org.Cervus_elaphus.eg.sqlite
Cervus hanglu yarkandensis	Yarkand deer	NA	NA	NA	chyarkandensis	Cervus hanglu yarkandensis	NA	NA	NA	84702	NA
Cervus reevesi	Cervus reevesi	AH120249	Cervus reevesi	NCBI gene ID based annotations about Cervus reevesi	NA	NA	OrgDb	2025-03-21	NCBI/UniProt	9886	org.Cervus_reevesi.eg.sqlite
Cestracion francisci	Cestracion francisci	AH119887	Cestracion francisci	NCBI gene ID based annotations about Cestracion francisci	NA	NA	OrgDb	2025-03-21	NCBI/UniProt	7792	org.Cestracion_francisci.eg.sqlite
Chaetochloa italica	Chaetochloa italica	AH120338	Chaetochloa italica	NCBI gene ID based annotations about Chaetochloa italica	sitalica	Setaria italica	OrgDb	2025-03-21	NCBI/UniProt	4555	org.Chaetochloa_italica.eg.sqlite
Chaetodon argus	Chaetodon argus	AH120949	Chaetodon argus	NCBI gene ID based annotations about Chaetodon argus	NA	NA	OrgDb	2025-03-21	NCBI/UniProt	75038	org.Chaetodon_argus.eg.sqlite
Chaetodon armatus	Chaetodon armatus	AH120943	Chaetodon armatus	NCBI gene ID based annotations about Chaetodon armatus	NA	NA	OrgDb	2025-03-21	NCBI/UniProt	215367	org.Chaetodon_armatus.eg.sqlite
Chaetodon rostratus	Chaetodon rostratus	AH121079	Chaetodon rostratus	NCBI gene ID based annotations about Chaetodon rostratus	NA	NA	OrgDb	2025-03-21	NCBI/UniProt	109905	org.Chaetodon_rostratus.eg.sqlite
Chaetodon trifascialis	Chaetodon trifascialis	AH121056	Chaetodon trifascialis	NCBI gene ID based annotations about Chaetodon trifascialis	NA	NA	OrgDb	2025-03-21	NCBI/UniProt	109706	org.Chaetodon_trifascialis.eg.sqlite
Chamaea fasciata	Chamaea fasciata	AH121218	Chamaea fasciata	NCBI gene ID based annotations about Chamaea fasciata	NA	NA	OrgDb	2025-03-21	NCBI/UniProt	190680	org.Chamaea_fasciata.eg.sqlite
Channa argus	Channa argus	AH119817	Channa argus	NCBI gene ID based annotations about Channa argus	NA	NA	OrgDb	2025-03-21	NCBI/UniProt	215402	org.Channa_argus.eg.sqlite
Chanodichthys erythropterus	Chanodichthys erythropterus	AH120040	Chanodichthys erythropterus	NCBI gene ID based annotations about Chanodichthys erythropterus	NA	NA	OrgDb	2025-03-21	NCBI/UniProt	933992	org.Chanodichthys_erythropterus.eg.sqlite
Chanos chanos	Chanos chanos	AH120955	Chanos chanos	NCBI gene ID based annotations about Chanos chanos	NA	NA	OrgDb	2025-03-21	NCBI/UniProt	29144	org.Chanos_chanos.eg.sqlite
Chara braunii	Chara braunii	NA	NA	NA	cbraunii	Chara braunii	NA	NA	NA	69332	NA
Characodon multiradiatus	Characodon multiradiatus	AH120572	Characodon multiradiatus	NCBI gene ID based annotations about Characodon multiradiatus	NA	NA	OrgDb	2025-03-21	NCBI/UniProt	208333	org.Characodon_multiradiatus.eg.sqlite
Cheilinus undulatus	Cheilinus undulatus	AH120915	Cheilinus undulatus	NCBI gene ID based annotations about Cheilinus undulatus	NA	NA	OrgDb	2025-03-21	NCBI/UniProt	241271	org.Cheilinus_undulatus.eg.sqlite
Chelonia mydas	Chelonia mydas	AH120704	Chelonia mydas	NCBI gene ID based annotations about Chelonia mydas	NA	NA	OrgDb	2025-03-21	NCBI/UniProt	8469	org.Chelonia_mydas.eg.sqlite
Chelonoidis abingdonii	Abingdon island giant tortoise	NA	NA	NA	cabingdonii	Chelonoidis abingdonii	NA	NA	NA	106734	NA
Chelonus insularis	Chelonus insularis (Parasitoid wasp, UGA/USDA-ARS -01)	NA	NA	NA	cigca013357705v1rs	Chelonus insularis	NA	NA	NA	460826	NA
Chenopodium quinoa	Chenopodium quinoa	AH119651	Chenopodium quinoa	NCBI gene ID based annotations about Chenopodium quinoa	cquinoa	Chenopodium quinoa	OrgDb	2025-03-21	NCBI/UniProt	63459	org.Chenopodium_quinoa.eg.sqlite
Chiloscyllium plagiosum	Chiloscyllium plagiosum	AH120913	Chiloscyllium plagiosum	NCBI gene ID based annotations about Chiloscyllium plagiosum	NA	NA	OrgDb	2025-03-21	NCBI/UniProt	36176	org.Chiloscyllium_plagiosum.eg.sqlite
Chinchilla lanigera	Chinchilla lanigera	AH120560	Chinchilla lanigera	NCBI gene ID based annotations about Chinchilla lanigera	clanigera	Chinchilla lanigera	OrgDb	2025-03-21	NCBI/UniProt	34839	org.Chinchilla_lanigera.eg.sqlite
Chinemys reevesii	Chinemys reevesii	AH119857	Chinemys reevesii	NCBI gene ID based annotations about Chinemys reevesii	NA	NA	OrgDb	2025-03-21	NCBI/UniProt	260615	org.Chinemys_reevesii.eg.sqlite
Chiroxiphia lanceolata	Chiroxiphia lanceolata	AH121302	Chiroxiphia lanceolata	NCBI gene ID based annotations about Chiroxiphia lanceolata	NA	NA	OrgDb	2025-03-21	NCBI/UniProt	296741	org.Chiroxiphia_lanceolata.eg.sqlite
Chlamydomonas reinhardtii	Chlamydomonas reinhardtii	AH121493	Chlamydomonas reinhardtii	NCBI gene ID based annotations about Chlamydomonas reinhardtii	creinhardtii	Chlamydomonas reinhardtii	OrgDb	2025-03-21	NCBI/UniProt	3055	org.Chlamydomonas_reinhardtii.eg.sqlite
Choloepus brasiliensis_Fitzinger_1871	Choloepus brasiliensis_Fitzinger_1871	AH119864	Choloepus brasiliensis_Fitzinger_1871	NCBI gene ID based annotations about Choloepus brasiliensis_Fitzinger_1871	NA	NA	OrgDb	2025-03-21	NCBI/UniProt	27675	org.Choloepus_brasiliensis_Fitzinger_1871.eg.sqlite
Choloepus hoffmanni	Sloth	NA	NA	NA	choffmanni	Choloepus hoffmanni	NA	NA	NA	9358	NA
Chondrus crispus	Chondrus crispus	NA	NA	NA	ccrispus	Chondrus crispus	NA	NA	NA	2769	NA
Chroicocephalus ridibundus	Chroicocephalus ridibundus	AH121369	Chroicocephalus ridibundus	NCBI gene ID based annotations about Chroicocephalus ridibundus	NA	NA	OrgDb	2025-03-21	NCBI/UniProt	1192867	org.Chroicocephalus_ridibundus.eg.sqlite
Chromis aureus	Chromis aureus	AH120036	Chromis aureus	NCBI gene ID based annotations about Chromis aureus	NA	NA	OrgDb	2025-03-21	NCBI/UniProt	47969	org.Chromis_aureus.eg.sqlite
Chromis diagramma	Chromis diagramma	AH120205	Chromis diagramma	NCBI gene ID based annotations about Chromis diagramma	NA	NA	OrgDb	2025-03-21	NCBI/UniProt	43689	org.Chromis_diagramma.eg.sqlite
Chrysemys bellii	Chrysemys bellii	AH120058	Chrysemys bellii	NCBI gene ID based annotations about Chrysemys bellii	cpbellii	Chrysemys picta bellii	OrgDb	2025-03-21	NCBI/UniProt	8478	org.Chrysemys_bellii.eg.sqlite
Chrysemys scripta_elegans	Chrysemys scripta_elegans	AH121173	Chrysemys scripta_elegans	NCBI gene ID based annotations about Chrysemys scripta_elegans	NA	NA	OrgDb	2025-03-21	NCBI/UniProt	31138	org.Chrysemys_scripta_elegans.eg.sqlite
Chrysochloris asiatica	Chrysochloris asiatica	AH120285	Chrysochloris asiatica	NCBI gene ID based annotations about Chrysochloris asiatica	NA	NA	OrgDb	2025-03-21	NCBI/UniProt	185453	org.Chrysochloris_asiatica.eg.sqlite
Chrysoperla carnea	Chrysoperla carnea (Green lacewing)	NA	NA	NA	ccgca905475395v1rs	Chrysoperla carnea	NA	NA	NA	189513	NA
Cicer arietinum	Cicer arietinum	AH120516	Cicer arietinum	NCBI gene ID based annotations about Cicer arietinum	NA	NA	OrgDb	2025-03-21	NCBI/UniProt	3827	org.Cicer_arietinum.eg.sqlite
Cimex lectularius	Cimex lectularius (Bed bug, Harlan)	NA	NA	NA	clectularius	Cimex lectularius	NA	NA	NA	79782	NA
Ciona intestinalis	C.intestinalis	NA	NA	NA	cintestinalis	Ciona intestinalis	NA	NA	NA	7719	NA
Ciona savignyi	C.savignyi	NA	NA	NA	csavignyi	Ciona savignyi	NA	NA	NA	51511	NA
Cistudo triunguis	Cistudo triunguis	AH121016	Cistudo triunguis	NCBI gene ID based annotations about Cistudo triunguis	tctriunguis	Terrapene triunguis	OrgDb	2025-03-21	NCBI/UniProt	2587831	org.Cistudo_triunguis.eg.sqlite
Citellus tridecemlineatus	Citellus tridecemlineatus	AH120150	Citellus tridecemlineatus	NCBI gene ID based annotations about Citellus tridecemlineatus	itridecemlineatus	Ictidomys tridecemlineatus	OrgDb	2025-03-21	NCBI/UniProt	43179	org.Citellus_tridecemlineatus.eg.sqlite
Citrullus lanatus	Citrullus lanatus	NA	NA	NA	clanatus	Citrullus lanatus	NA	NA	NA	3654	NA
Citrus clementina	Citrus clementina	AH120792	Citrus clementina	NCBI gene ID based annotations about Citrus clementina	cclementina	Citrus x clementina	OrgDb	2025-03-21	NCBI/UniProt	85681	org.Citrus_clementina.eg.sqlite
Citrus sinensis	Citrus sinensis	AH120610	Citrus sinensis	NCBI gene ID based annotations about Citrus sinensis	NA	NA	OrgDb	2025-03-21	NCBI/UniProt	2711	org.Citrus_sinensis.eg.sqlite
Clarias gariepinus	Clarias gariepinus	AH119876	Clarias gariepinus	NCBI gene ID based annotations about Clarias gariepinus	NA	NA	OrgDb	2025-03-21	NCBI/UniProt	13013	org.Clarias_gariepinus.eg.sqlite
Cleome hassleriana_Chodat,_1898	Cleome hassleriana_Chodat,_1898	AH120517	Cleome hassleriana_Chodat,_1898	NCBI gene ID based annotations about Cleome hassleriana_Chodat,_1898	NA	NA	OrgDb	2025-03-21	NCBI/UniProt	28532	org.Cleome_hassleriana_Chodat,_1898.eg.sqlite
Clethrionomys glareolus	Clethrionomys glareolus	AH120482	Clethrionomys glareolus	NCBI gene ID based annotations about Clethrionomys glareolus	NA	NA	OrgDb	2025-03-21	NCBI/UniProt	447135	org.Clethrionomys_glareolus.eg.sqlite
Clinocottus analis	Clinocottus analis	AH120886	Clinocottus analis	NCBI gene ID based annotations about Clinocottus analis	NA	NA	OrgDb	2025-03-21	NCBI/UniProt	304258	org.Clinocottus_analis.eg.sqlite
Clonorchis sinensis	Clonorchis sinensis (PRJNA386618)	NA	NA	NA	clsineprjna386618	Clonorchis sinensis	NA	NA	NA	79923	NA
Clupea cyprinoides	Clupea cyprinoides	AH120742	Clupea cyprinoides	NCBI gene ID based annotations about Clupea cyprinoides	NA	NA	OrgDb	2025-03-21	NCBI/UniProt	118141	org.Clupea_cyprinoides.eg.sqlite
Clupea encrasicolus	Clupea encrasicolus	AH120082	Clupea encrasicolus	NCBI gene ID based annotations about Clupea encrasicolus	NA	NA	OrgDb	2025-03-21	NCBI/UniProt	184585	org.Clupea_encrasicolus.eg.sqlite
Clupea harengus_harengus	Clupea harengus_harengus	AH120279	Clupea harengus_harengus	NCBI gene ID based annotations about Clupea harengus_harengus	charengus	Clupea harengus	OrgDb	2025-03-21	NCBI/UniProt	7950	org.Clupea_harengus_harengus.eg.sqlite
Clytia hemisphaerica	Clytia hemisphaerica	AH120775	Clytia hemisphaerica	NCBI gene ID based annotations about Clytia hemisphaerica	chgca902728285	Clytia hemisphaerica	OrgDb	2025-03-21	NCBI/UniProt	252671	org.Clytia_hemisphaerica.eg.sqlite
Cobitis anguillicaudata	Cobitis anguillicaudata	AH119803	Cobitis anguillicaudata	NCBI gene ID based annotations about Cobitis anguillicaudata	NA	NA	OrgDb	2025-03-21	NCBI/UniProt	75329	org.Cobitis_anguillicaudata.eg.sqlite
Cobitis heteroclita	Cobitis heteroclita	AH120129	Cobitis heteroclita	NCBI gene ID based annotations about Cobitis heteroclita	fheteroclitus	Fundulus heteroclitus	OrgDb	2025-03-21	NCBI/UniProt	8078	org.Cobitis_heteroclita.eg.sqlite
Coccinella axyridis	Coccinella axyridis	AH121430	Coccinella axyridis	NCBI gene ID based annotations about Coccinella axyridis	NA	NA	OrgDb	2025-03-21	NCBI/UniProt	115357	org.Coccinella_axyridis.eg.sqlite
Coccus citri	Coccus citri	AH121391	Coccus citri	NCBI gene ID based annotations about Coccus citri	NA	NA	OrgDb	2025-03-21	NCBI/UniProt	170843	org.Coccus_citri.eg.sqlite
Coecilia bivitatum	Coecilia bivitatum	AH120733	Coecilia bivitatum	NCBI gene ID based annotations about Coecilia bivitatum	NA	NA	OrgDb	2025-03-21	NCBI/UniProt	194408	org.Coecilia_bivitatum.eg.sqlite
Coetomys damarensis	Coetomys damarensis	AH120246	Coetomys damarensis	NCBI gene ID based annotations about Coetomys damarensis	NA	NA	OrgDb	2025-03-21	NCBI/UniProt	885580	org.Coetomys_damarensis.eg.sqlite
Coffea arabica	Coffea arabica	AH111588	Coffea arabica	Genomic annotation for Coffea arabica retrieved from NCBI and forged with Annotationforge as sqlite file.	NA	NA	TxDb	2023-06-20	NCBI/ensembl	13443	OrgDb Sqlite file for Coffea arabica
Coffea canephora	Coffea canephora	NA	NA	NA	ccanephora	Coffea canephora	NA	NA	NA	49390	NA
Coffea eugeniodes	Coffea eugeniodes	AH120074	Coffea eugeniodes	NCBI gene ID based annotations about Coffea eugeniodes	NA	NA	OrgDb	2025-03-21	NCBI/UniProt	49369	org.Coffea_eugeniodes.eg.sqlite
Colius striatus	Colius striatus	AH121496	Colius striatus	NCBI gene ID based annotations about Colius striatus	NA	NA	OrgDb	2025-03-21	NCBI/UniProt	57412	org.Colius_striatus.eg.sqlite
Colletotrichum fructicola Nara gc5	Colletotrichum gloeosporioides	NA	NA	NA	cgloeosporioides	Colletotrichum fructicola Nara gc5	NA	NA	NA	1213859	NA
Colletotrichum graminicola M1.001	Colletotrichum graminicola	NA	NA	NA	cgraminicola	Colletotrichum graminicola M1.001	NA	NA	NA	645133	NA
Colletotrichum higginsianum	Colletotrichum higginsianum	NA	NA	NA	chigginsianum	Colletotrichum higginsianum	NA	NA	NA	80884	NA
Colletotrichum lupini	Colletotrichum lupini	AH121414	Colletotrichum lupini	NCBI gene ID based annotations about Colletotrichum lupini	NA	NA	OrgDb	2025-03-21	NCBI/UniProt	145971	org.Colletotrichum_lupini.eg.sqlite
Colletotrichum orbiculare MAFF 240422	Colletotrichum orbiculare	NA	NA	NA	corbiculare	Colletotrichum orbiculare MAFF 240422	NA	NA	NA	1213857	NA
Colobus angolensis_palliatus	Colobus angolensis_palliatus	AH120772	Colobus angolensis_palliatus	NCBI gene ID based annotations about Colobus angolensis_palliatus	NA	NA	OrgDb	2025-03-21	NCBI/UniProt	336983	org.Colobus_angolensis_palliatus.eg.sqlite
Cololabis saira	Cololabis saira	AH119763	Cololabis saira	NCBI gene ID based annotations about Cololabis saira	NA	NA	OrgDb	2025-03-21	NCBI/UniProt	129043	org.Cololabis_saira.eg.sqlite
Colossoma macropomum	Colossoma macropomum	AH120442	Colossoma macropomum	NCBI gene ID based annotations about Colossoma macropomum	NA	NA	OrgDb	2025-03-21	NCBI/UniProt	42526	org.Colossoma_macropomum.eg.sqlite
Coluber guttatus	Coluber guttatus	AH120916	Coluber guttatus	NCBI gene ID based annotations about Coluber guttatus	NA	NA	OrgDb	2025-03-21	NCBI/UniProt	94885	org.Coluber_guttatus.eg.sqlite
Coluber reginae	Coluber reginae	AH121132	Coluber reginae	NCBI gene ID based annotations about Coluber reginae	NA	NA	OrgDb	2025-03-21	NCBI/UniProt	121349	org.Coluber_reginae.eg.sqlite
Coluber sirtalis	Coluber sirtalis	AH121316	Coluber sirtalis	NCBI gene ID based annotations about Coluber sirtalis	NA	NA	OrgDb	2025-03-21	NCBI/UniProt	35019	org.Coluber_sirtalis.eg.sqlite
Columba fasciata	Columba fasciata	AH121183	Columba fasciata	NCBI gene ID based annotations about Columba fasciata	NA	NA	OrgDb	2025-03-21	NCBI/UniProt	372321	org.Columba_fasciata.eg.sqlite
Columba livia_domestica	Columba livia_domestica	AH121142	Columba livia_domestica	NCBI gene ID based annotations about Columba livia_domestica	NA	NA	OrgDb	2025-03-21	NCBI/UniProt	8932	org.Columba_livia_domestica.eg.sqlite
Colymbus stellatus	Colymbus stellatus	AH121478	Colymbus stellatus	NCBI gene ID based annotations about Colymbus stellatus	NA	NA	OrgDb	2025-03-21	NCBI/UniProt	37040	org.Colymbus_stellatus.eg.sqlite
Condylura cristata	Condylura cristata	AH121339	Condylura cristata	NCBI gene ID based annotations about Condylura cristata	NA	NA	OrgDb	2025-03-21	NCBI/UniProt	143302	org.Condylura_cristata.eg.sqlite
Conger conger	Conger conger	AH120008	Conger conger	NCBI gene ID based annotations about Conger conger	NA	NA	OrgDb	2025-03-21	NCBI/UniProt	82655	org.Conger_conger.eg.sqlite
Conops calcitrans	Conops calcitrans	AH121440	Conops calcitrans	NCBI gene ID based annotations about Conops calcitrans	scgca963082655v1rs	Stomoxys calcitrans	OrgDb	2025-03-21	NCBI/UniProt	35570	org.Conops_calcitrans.eg.sqlite
Contarinia nasturtii	Contarinia nasturtii (Swede midge, CC-2019)	NA	NA	NA	cngca009176525v2rs	Contarinia nasturtii	NA	NA	NA	265458	NA
Convoluta roscoffensis	Convoluta roscoffensis	AH121376	Convoluta roscoffensis	NCBI gene ID based annotations about Convoluta roscoffensis	NA	NA	OrgDb	2025-03-21	NCBI/UniProt	84072	org.Convoluta_roscoffensis.eg.sqlite
Convolvulus nil	Convolvulus nil	AH119743	Convolvulus nil	NCBI gene ID based annotations about Convolvulus nil	NA	NA	OrgDb	2025-03-21	NCBI/UniProt	35883	org.Convolvulus_nil.eg.sqlite
Conyza canadensis	Conyza canadensis	AH120220	Conyza canadensis	NCBI gene ID based annotations about Conyza canadensis	NA	NA	OrgDb	2025-03-21	NCBI/UniProt	72917	org.Conyza_canadensis.eg.sqlite
Copidosoma floridanum	Copidosoma floridanum (Parasitoid wasp, CFLO.00-Male)	NA	NA	NA	cfgca000648655v2	Copidosoma floridanum	NA	NA	NA	29053	NA
Corapipo altera	Corapipo altera	AH121292	Corapipo altera	NCBI gene ID based annotations about Corapipo altera	NA	NA	OrgDb	2025-03-21	NCBI/UniProt	415028	org.Corapipo_altera.eg.sqlite
Corchorus capsularis	Corchorus capsularis	NA	NA	NA	ccapsularis	Corchorus capsularis	NA	NA	NA	210143	NA
Cordylus capensis	Cordylus capensis	AH120444	Cordylus capensis	NCBI gene ID based annotations about Cordylus capensis	NA	NA	OrgDb	2025-03-21	NCBI/UniProt	884348	org.Cordylus_capensis.eg.sqlite
Coregonus clupeaformis	Coregonus clupeaformis	AH119635	Coregonus clupeaformis	NCBI gene ID based annotations about Coregonus clupeaformis	NA	NA	OrgDb	2025-03-21	NCBI/UniProt	59861	org.Coregonus_clupeaformis.eg.sqlite
Coremacera marginata	Coremacera marginata (Sieve-winged Snailkiller, reference)	NA	NA	NA	cmgca914767935v1	Coremacera marginata	NA	NA	NA	1226616	NA
Cornus florida	Cornus florida	AH119705	Cornus florida	NCBI gene ID based annotations about Cornus florida	NA	NA	OrgDb	2025-03-21	NCBI/UniProt	4283	org.Cornus_florida.eg.sqlite
Cortia elata	Cortia elata	AH119551	Cortia elata	NCBI gene ID based annotations about Cortia elata	NA	NA	OrgDb	2025-03-21	NCBI/UniProt	154761	org.Cortia_elata.eg.sqlite
Corticium candelabrum	Corticium candelabrum	AH121170	Corticium candelabrum	NCBI gene ID based annotations about Corticium candelabrum	NA	NA	OrgDb	2025-03-21	NCBI/UniProt	121492	org.Corticium_candelabrum.eg.sqlite
Corvus brachyrhynchos	Corvus brachyrhynchos	AH121378	Corvus brachyrhynchos	NCBI gene ID based annotations about Corvus brachyrhynchos	NA	NA	OrgDb	2025-03-21	NCBI/UniProt	85066	org.Corvus_brachyrhynchos.eg.sqlite
Corvus cornix_cornix	Corvus cornix_cornix	AH121488	Corvus cornix_cornix	NCBI gene ID based annotations about Corvus cornix_cornix	NA	NA	OrgDb	2025-03-21	NCBI/UniProt	932674	org.Corvus_cornix_cornix.eg.sqlite
Corvus hawaiiensis	Corvus hawaiiensis	AH121215	Corvus hawaiiensis	NCBI gene ID based annotations about Corvus hawaiiensis	NA	NA	OrgDb	2025-03-21	NCBI/UniProt	134902	org.Corvus_hawaiiensis.eg.sqlite
Corvus kubaryi	Corvus kubaryi	AH121348	Corvus kubaryi	NCBI gene ID based annotations about Corvus kubaryi	NA	NA	OrgDb	2025-03-21	NCBI/UniProt	68294	org.Corvus_kubaryi.eg.sqlite
Corylus avellana	Corylus avellana	AH120462	Corylus avellana	NCBI gene ID based annotations about Corylus avellana	cavellana	Corylus avellana	OrgDb	2025-03-21	NCBI/UniProt	13451	org.Corylus_avellana.eg.sqlite
Corymbia citriodora subsp. variegata	Corymbia citriodora	NA	NA	NA	ccitriodora	Corymbia citriodora subsp. variegata	NA	NA	NA	360336	NA
Corythoichthys intestinalis	Corythoichthys intestinalis	AH120748	Corythoichthys intestinalis	NCBI gene ID based annotations about Corythoichthys intestinalis	NA	NA	OrgDb	2025-03-21	NCBI/UniProt	161448	org.Corythoichthys_intestinalis.eg.sqlite
Cotesia glomerata	Cotesia glomerata (White butterfly parasite wasp, CgM1)	NA	NA	NA	cggca020080835v1	Cotesia glomerata	NA	NA	NA	32391	NA
Cottoperca gobio	Channel bull blenny	NA	NA	NA	cgobio	Cottoperca gobio	NA	NA	NA	56716	NA
Coturnix coturnix_japanica	Coturnix coturnix_japanica	AH121261	Coturnix coturnix_japanica	NCBI gene ID based annotations about Coturnix coturnix_japanica	cjaponica	Coturnix japonica	OrgDb	2025-03-21	NCBI/UniProt	93934	org.Coturnix_coturnix_japanica.eg.sqlite
Crassostrea angulata	Crassostrea angulata	AH119953	Crassostrea angulata	NCBI gene ID based annotations about Crassostrea angulata	cagca025612915v2rs	Magallana angulata	OrgDb	2025-03-21	NCBI/UniProt	2784310	org.Crassostrea_angulata.eg.sqlite
Crassostrea cucullata	Crassostrea cucullata	AH119670	Crassostrea cucullata	NCBI gene ID based annotations about Crassostrea cucullata	NA	NA	OrgDb	2025-03-21	NCBI/UniProt	36930	org.Crassostrea_cucullata.eg.sqlite
Crassostrea gigas	Crassostrea gigas	AH120226	Crassostrea gigas	NCBI gene ID based annotations about Crassostrea gigas	cgigas	Magallana gigas	OrgDb	2025-03-21	NCBI/UniProt	29159	org.Crassostrea_gigas.eg.sqlite
Crassostrea virginica	Crassostrea virginica	AH119905	Crassostrea virginica	NCBI gene ID based annotations about Crassostrea virginica	cvgca002022765v4	Crassostrea virginica	OrgDb	2025-03-21	NCBI/UniProt	6565	org.Crassostrea_virginica.eg.sqlite
Cricetulus barabensis_griseus	Cricetulus barabensis_griseus	AH120125	Cricetulus barabensis_griseus	NCBI gene ID based annotations about Cricetulus barabensis_griseus	cgchok1gshd	Cricetulus griseus	OrgDb	2025-03-21	NCBI/UniProt	10029	org.Cricetulus_barabensis_griseus.eg.sqlite
Cricetus auratus	Cricetus auratus	AH120029	Cricetus auratus	NCBI gene ID based annotations about Cricetus auratus	mauratus	Mesocricetus auratus	OrgDb	2025-03-21	NCBI/UniProt	10036	org.Cricetus_auratus.eg.sqlite
Crocodylus porosus	Crocodylus porosus	AH121360	Crocodylus porosus	NCBI gene ID based annotations about Crocodylus porosus	cporosus	Crocodylus porosus	OrgDb	2025-03-21	NCBI/UniProt	8502	org.Crocodylus_porosus.eg.sqlite
Crotalus tigris	Crotalus tigris	AH121104	Crotalus tigris	NCBI gene ID based annotations about Crotalus tigris	NA	NA	OrgDb	2025-03-21	NCBI/UniProt	88082	org.Crotalus_tigris.eg.sqlite
Cryptococcus deneoformans JEC21	Cryptococcus neoformans var. neoformans JEC21	NA	NA	NA	cneoformans	Cryptococcus deneoformans JEC21	NA	NA	NA	214684	NA
Cryptomeria japonica	Cryptomeria japonica	AH119632	Cryptomeria japonica	NCBI gene ID based annotations about Cryptomeria japonica	NA	NA	OrgDb	2025-03-21	NCBI/UniProt	3369	org.Cryptomeria_japonica.eg.sqlite
Cryptotermes secundus	Cryptotermes secundus (Drywood termite)	NA	NA	NA	csgca002891405v2rs	Cryptotermes secundus	NA	NA	NA	105785	NA
Ctenocephalides felis	Ctenocephalides felis	AH120706	Ctenocephalides felis	NCBI gene ID based annotations about Ctenocephalides felis	cfgca003426905v1rs	Ctenocephalides felis	OrgDb	2025-03-21	NCBI/UniProt	7515	org.Ctenocephalides_felis.eg.sqlite
Ctenopharyngodon idella	Ctenopharyngodon idella	AH120387	Ctenopharyngodon idella	NCBI gene ID based annotations about Ctenopharyngodon idella	NA	NA	OrgDb	2025-03-21	NCBI/UniProt	7959	org.Ctenopharyngodon_idella.eg.sqlite
Cuculus canorus	Cuculus canorus	AH121341	Cuculus canorus	NCBI gene ID based annotations about Cuculus canorus	NA	NA	OrgDb	2025-03-21	NCBI/UniProt	55661	org.Cuculus_canorus.eg.sqlite
Cuculus curvirostris	Cuculus curvirostris	AH121403	Cuculus curvirostris	NCBI gene ID based annotations about Cuculus curvirostris	NA	NA	OrgDb	2025-03-21	NCBI/UniProt	33595	org.Cuculus_curvirostris.eg.sqlite
Cucumis melo	Cucumis melo	AH120698	Cucumis melo	NCBI gene ID based annotations about Cucumis melo	cmelo	Cucumis melo	OrgDb	2025-03-21	NCBI/UniProt	3656	org.Cucumis_melo.eg.sqlite
Cucumis sativus	Cucumis sativus	AH121081	Cucumis sativus	NCBI gene ID based annotations about Cucumis sativus	csativus	Cucumis sativus	OrgDb	2025-03-21	NCBI/UniProt	3659	org.Cucumis_sativus.eg.sqlite
Cucurbita maxima	Cucurbita maxima	AH120084	Cucurbita maxima	NCBI gene ID based annotations about Cucurbita maxima	NA	NA	OrgDb	2025-03-21	NCBI/UniProt	3661	org.Cucurbita_maxima.eg.sqlite
Cucurbita moschata	Cucurbita moschata	AH120081	Cucurbita moschata	NCBI gene ID based annotations about Cucurbita moschata	NA	NA	OrgDb	2025-03-21	NCBI/UniProt	3662	org.Cucurbita_moschata.eg.sqlite
Cucurbita pepo_subsp._pepo	Cucurbita pepo_subsp._pepo	AH120068	Cucurbita pepo_subsp._pepo	NCBI gene ID based annotations about Cucurbita pepo_subsp._pepo	NA	NA	OrgDb	2025-03-21	NCBI/UniProt	3664	org.Cucurbita_pepo_subsp._pepo.eg.sqlite
Culex (Culex)_pipiens_pallens	Culex (Culex)_pipiens_pallens	AH121352	Culex (Culex)_pipiens_pallens	NCBI gene ID based annotations about Culex (Culex)_pipiens_pallens	cpgca016801865v2rs	Culex pipiens pallens	OrgDb	2025-03-21	NCBI/UniProt	42434	org.Culex_(Culex)_pipiens_pallens.eg.sqlite
Culex fatigans	Culex fatigans	AH121445	Culex fatigans	NCBI gene ID based annotations about Culex fatigans	cqgca015732765v1vb	Culex quinquefasciatus	OrgDb	2025-03-21	NCBI/UniProt	7176	org.Culex_fatigans.eg.sqlite
Culicoides brevitarsis	Culicoides brevitarsis (Biting midge, CSIRO-B50_1)	NA	NA	NA	cbgca036172545v1rs	Culicoides brevitarsis	NA	NA	NA	469753	NA
Culicoides sonorensis	Culicoides sonorensis (Biting Midge)	NA	NA	NA	csonorensis	Culicoides sonorensis	NA	NA	NA	179676	NA
Cupidonia cupido_pallidicincta	Cupidonia cupido_pallidicincta	AH121286	Cupidonia cupido_pallidicincta	NCBI gene ID based annotations about Cupidonia cupido_pallidicincta	NA	NA	OrgDb	2025-03-21	NCBI/UniProt	109042	org.Cupidonia_cupido_pallidicincta.eg.sqlite
Cyanidioschyzon merolae strain 10D	Cyanidioschyzon merolae	NA	NA	NA	cmerolae	Cyanidioschyzon merolae strain 10D	NA	NA	NA	280699	NA
Cyclopterus lumpus	Lumpfish	NA	NA	NA	clumpus	Cyclopterus lumpus	NA	NA	NA	8103	NA
Cydia pomonella	Cydia pomonella	AH121354	Cydia pomonella	NCBI gene ID based annotations about Cydia pomonella	cpgca033807575v1rs	Cydia pomonella	OrgDb	2025-03-21	NCBI/UniProt	82600	org.Cydia_pomonella.eg.sqlite
Cylas formicarius	Cylas formicarius (Sweet potato weevil, icCylForm1)	NA	NA	NA	cfgca029955315v1rs	Cylas formicarius	NA	NA	NA	197179	NA
Cylicostephanus goldi	Cylicostephanus goldi	NA	NA	NA	cygoldprjeb498	Cylicostephanus goldi	NA	NA	NA	71465	NA
Cynara cardunculus var. scolymus	Cynara cardunculus	NA	NA	NA	ccardunculus	Cynara cardunculus var. scolymus	NA	NA	NA	59895	NA
Cynara cardunculus_subsp._cardunculus	Cynara cardunculus_subsp._cardunculus	AH120529	Cynara cardunculus_subsp._cardunculus	NCBI gene ID based annotations about Cynara cardunculus_subsp._cardunculus	NA	NA	OrgDb	2025-03-21	NCBI/UniProt	309979	org.Cynara_cardunculus_subsp._cardunculus.eg.sqlite
Cynocephalus variegatus	Cynocephalus variegatus	AH120566	Cynocephalus variegatus	NCBI gene ID based annotations about Cynocephalus variegatus	NA	NA	OrgDb	2025-03-21	NCBI/UniProt	482537	org.Cynocephalus_variegatus.eg.sqlite
Cynocephalus volans	Cynocephalus volans	AH120401	Cynocephalus volans	NCBI gene ID based annotations about Cynocephalus volans	NA	NA	OrgDb	2025-03-21	NCBI/UniProt	110931	org.Cynocephalus_volans.eg.sqlite
Cynoglossus (Arelia)_semilaevis	Cynoglossus (Arelia)_semilaevis	AH120968	Cynoglossus (Arelia)_semilaevis	NCBI gene ID based annotations about Cynoglossus (Arelia)_semilaevis	csemilaevis	Cynoglossus semilaevis	OrgDb	2025-03-21	NCBI/UniProt	244447	org.Cynoglossus_(Arelia)_semilaevis.eg.sqlite
Cynolebias whitei	Cynolebias whitei	AH121111	Cynolebias whitei	NCBI gene ID based annotations about Cynolebias whitei	NA	NA	OrgDb	2025-03-21	NCBI/UniProt	451745	org.Cynolebias_whitei.eg.sqlite
Cyprinodon tularosa	Cyprinodon tularosa	AH120728	Cyprinodon tularosa	NCBI gene ID based annotations about Cyprinodon tularosa	NA	NA	OrgDb	2025-03-21	NCBI/UniProt	77115	org.Cyprinodon_tularosa.eg.sqlite
Cyprinodon variegatus	Cyprinodon variegatus	AH121048	Cyprinodon variegatus	NCBI gene ID based annotations about Cyprinodon variegatus	cvariegatus	Cyprinodon variegatus	OrgDb	2025-03-21	NCBI/UniProt	28743	org.Cyprinodon_variegatus.eg.sqlite
Cyprinus carpio	Cyprinus carpio	AH119642	Cyprinus carpio	NCBI gene ID based annotations about Cyprinus carpio	NA	NA	OrgDb	2025-03-21	NCBI/UniProt	7962	org.Cyprinus_carpio.eg.sqlite
Cyprinus carpio carpio	Common carp	NA	NA	NA	cccarpio	Cyprinus carpio carpio	NA	NA	NA	630221	NA
Cyprinus rohita	Cyprinus rohita	AH120394	Cyprinus rohita	NCBI gene ID based annotations about Cyprinus rohita	NA	NA	OrgDb	2025-03-21	NCBI/UniProt	84645	org.Cyprinus_rohita.eg.sqlite
Cyrtodactylus macularius	Cyrtodactylus macularius	AH121082	Cyrtodactylus macularius	NCBI gene ID based annotations about Cyrtodactylus macularius	NA	NA	OrgDb	2025-03-21	NCBI/UniProt	481883	org.Cyrtodactylus_macularius.eg.sqlite
Cyrtodiopsis dalmanii	Cyrtodiopsis dalmanii	AH120709	Cyrtodiopsis dalmanii	NCBI gene ID based annotations about Cyrtodiopsis dalmanii	tdalmanni	Teleopsis dalmanni	OrgDb	2025-03-21	NCBI/UniProt	139649	org.Cyrtodiopsis_dalmanii.eg.sqlite
Daktulosphaira vitifoliae	Daktulosphaira vitifoliae (Grape phylloxera, Bord-2020)	NA	NA	NA	dvgca025091365v1rs	Daktulosphaira vitifoliae	NA	NA	NA	58002	NA
Danaus plexippus	Danaus plexippus - (monarch butterfly, reference)	NA	NA	NA	dpgca018135715v1	Danaus plexippus	NA	NA	NA	13037	NA
Danaus plexippus plexippus	Danaus plexippus plexippus (Monarch butterfly, F-2)	NA	NA	NA	dplexippus	Danaus plexippus plexippus	NA	NA	NA	278856	NA
Danio aesculapii	Danio aesculapii	AH120136	Danio aesculapii	NCBI gene ID based annotations about Danio aesculapii	NA	NA	OrgDb	2025-03-21	NCBI/UniProt	1142201	org.Danio_aesculapii.eg.sqlite
Danio rerio	Danio rerio	AH121961	Danio rerio	NCBI gene ID based annotations about Danio rerio	drerio	Danio rerio	OrgDb	2025-10-29	NCBI/ensembl	7955	org.Dr.eg.db.sqlite
Daphnia carinata	Daphnia carinata	AH121409	Daphnia carinata	NCBI gene ID based annotations about Daphnia carinata	dcgca022539665v3rs	Daphnia carinata	OrgDb	2025-03-21	NCBI/UniProt	120202	org.Daphnia_carinata.eg.sqlite
Daphnia magna	Daphnia magna	AH120723	Daphnia magna	NCBI gene ID based annotations about Daphnia magna	dmgca020631705v2	Daphnia magna	OrgDb	2025-03-21	NCBI/UniProt	35525	org.Daphnia_magna.eg.sqlite
Daphnia pulex	Daphnia pulex	AH121180	Daphnia pulex	NCBI gene ID based annotations about Daphnia pulex	dpgca021134715v1rs	Daphnia pulex	OrgDb	2025-03-21	NCBI/UniProt	6669	org.Daphnia_pulex.eg.sqlite
Daphnia pulicaria	Daphnia pulicaria	AH119835	Daphnia pulicaria	NCBI gene ID based annotations about Daphnia pulicaria	dpgca021234035v2rs	Daphnia pulicaria	OrgDb	2025-03-21	NCBI/UniProt	35523	org.Daphnia_pulicaria.eg.sqlite
Dasyatis sabina	Dasyatis sabina	AH120521	Dasyatis sabina	NCBI gene ID based annotations about Dasyatis sabina	NA	NA	OrgDb	2025-03-21	NCBI/UniProt	79690	org.Dasyatis_sabina.eg.sqlite
Dasypus fenestratus	Dasypus fenestratus	AH119801	Dasypus fenestratus	NCBI gene ID based annotations about Dasypus fenestratus	dnovemcinctus	Dasypus novemcinctus	OrgDb	2025-03-21	NCBI/UniProt	9361	org.Dasypus_fenestratus.eg.sqlite
Daucus carota_subsp._sativus	Daucus carota_subsp._sativus	AH119923	Daucus carota_subsp._sativus	NCBI gene ID based annotations about Daucus carota_subsp._sativus	dcarota	Daucus carota subsp. sativus	OrgDb	2025-03-21	NCBI/UniProt	79200	org.Daucus_carota_subsp._sativus.eg.sqlite
Delphinapterus leucas	Delphinapterus leucas	AH120786	Delphinapterus leucas	NCBI gene ID based annotations about Delphinapterus leucas	dleucas	Delphinapterus leucas	OrgDb	2025-03-21	NCBI/UniProt	9749	org.Delphinapterus_leucas.eg.sqlite
Delphinus cymodoce	Delphinus cymodoce	AH120671	Delphinus cymodoce	NCBI gene ID based annotations about Delphinus cymodoce	ttruncatus	Tursiops truncatus	OrgDb	2025-03-21	NCBI/UniProt	9739	org.Delphinus_cymodoce.eg.sqlite
Delphinus delphis	Delphinus delphis	AH120835	Delphinus delphis	NCBI gene ID based annotations about Delphinus delphis	NA	NA	OrgDb	2025-03-21	NCBI/UniProt	9728	org.Delphinus_delphis.eg.sqlite
Delphinus densirostris	Delphinus densirostris	AH120756	Delphinus densirostris	NCBI gene ID based annotations about Delphinus densirostris	NA	NA	OrgDb	2025-03-21	NCBI/UniProt	48708	org.Delphinus_densirostris.eg.sqlite
Delphinus melas	Delphinus melas	AH120630	Delphinus melas	NCBI gene ID based annotations about Delphinus melas	NA	NA	OrgDb	2025-03-21	NCBI/UniProt	9731	org.Delphinus_melas.eg.sqlite
Delphinus orca	Delphinus orca	AH120410	Delphinus orca	NCBI gene ID based annotations about Delphinus orca	NA	NA	OrgDb	2025-03-21	NCBI/UniProt	9733	org.Delphinus_orca.eg.sqlite
Delphinus phocoena	Delphinus phocoena	AH120961	Delphinus phocoena	NCBI gene ID based annotations about Delphinus phocoena	NA	NA	OrgDb	2025-03-21	NCBI/UniProt	9742	org.Delphinus_phocoena.eg.sqlite
Dendrobates imitator	Dendrobates imitator	AH119794	Dendrobates imitator	NCBI gene ID based annotations about Dendrobates imitator	NA	NA	OrgDb	2025-03-21	NCBI/UniProt	111125	org.Dendrobates_imitator.eg.sqlite
Dendrobium catenatum	Dendrobium catenatum	AH120942	Dendrobium catenatum	NCBI gene ID based annotations about Dendrobium catenatum	NA	NA	OrgDb	2025-03-21	NCBI/UniProt	906689	org.Dendrobium_catenatum.eg.sqlite
Dendroctonus ponderosae	Dendroctonus ponderosae (Mountain pine beetle, FM_Combo_2020)	NA	NA	NA	dpgca020466585v2rs	Dendroctonus ponderosae	NA	NA	NA	77166	NA
Dendrohyas sarda	Dendrohyas sarda	AH119564	Dendrohyas sarda	NCBI gene ID based annotations about Dendrohyas sarda	NA	NA	OrgDb	2025-03-21	NCBI/UniProt	327740	org.Dendrohyas_sarda.eg.sqlite
Dendronephthya gigantea	Dendronephthya gigantea	AH120592	Dendronephthya gigantea	NCBI gene ID based annotations about Dendronephthya gigantea	dggca004324835v1	Dendronephthya gigantea	OrgDb	2025-03-21	NCBI/UniProt	151771	org.Dendronephthya_gigantea.eg.sqlite
Dendropsophus ebraccatus	Dendropsophus ebraccatus	AH119993	Dendropsophus ebraccatus	NCBI gene ID based annotations about Dendropsophus ebraccatus	NA	NA	OrgDb	2025-03-21	NCBI/UniProt	150705	org.Dendropsophus_ebraccatus.eg.sqlite
Denticeps clupeoides	Denticle herring	NA	NA	NA	dclupeoides	Denticeps clupeoides	NA	NA	NA	299321	NA
Dermacentor albipictus	Dermacentor albipictus	AH119971	Dermacentor albipictus	NCBI gene ID based annotations about Dermacentor albipictus	NA	NA	OrgDb	2025-03-21	NCBI/UniProt	60249	org.Dermacentor_albipictus.eg.sqlite
Dermacentor andersoni	Dermacentor andersoni	AH120013	Dermacentor andersoni	NCBI gene ID based annotations about Dermacentor andersoni	dagca023375885v2rs	Dermacentor andersoni	OrgDb	2025-03-21	NCBI/UniProt	34620	org.Dermacentor_andersoni.eg.sqlite
Dermacentor silvarum	Dermacentor silvarum	AH120039	Dermacentor silvarum	NCBI gene ID based annotations about Dermacentor silvarum	dsgca013339745v2rs	Dermacentor silvarum	OrgDb	2025-03-21	NCBI/UniProt	543639	org.Dermacentor_silvarum.eg.sqlite
Dermatophagoides pteronyssinus	Dermatophagoides pteronyssinus (European house dust mite, airmid)	NA	NA	NA	dpgca001901225v2	Dermatophagoides pteronyssinus	NA	NA	NA	6956	NA
Dermochelys coriacea	Dermochelys coriacea	AH120779	Dermochelys coriacea	NCBI gene ID based annotations about Dermochelys coriacea	NA	NA	OrgDb	2025-03-21	NCBI/UniProt	27794	org.Dermochelys_coriacea.eg.sqlite
Desmodus rotundus	Desmodus rotundus	AH120569	Desmodus rotundus	NCBI gene ID based annotations about Desmodus rotundus	NA	NA	OrgDb	2025-03-21	NCBI/UniProt	9430	org.Desmodus_rotundus.eg.sqlite
Diabrotica virgifera_virgifera	Diabrotica virgifera_virgifera	AH121028	Diabrotica virgifera_virgifera	NCBI gene ID based annotations about Diabrotica virgifera_virgifera	dvgca917563875v2rs	Diabrotica virgifera virgifera	OrgDb	2025-03-21	NCBI/UniProt	50390	org.Diabrotica_virgifera_virgifera.eg.sqlite
Diadema antillarum	Diadema antillarum	AH119969	Diadema antillarum	NCBI gene ID based annotations about Diadema antillarum	NA	NA	OrgDb	2025-03-21	NCBI/UniProt	105358	org.Diadema_antillarum.eg.sqlite
Diaphorina citri	Diaphorina citri	AH120869	Diaphorina citri	NCBI gene ID based annotations about Diaphorina citri	dcgca000475195v1rs	Diaphorina citri	OrgDb	2025-03-21	NCBI/UniProt	121845	org.Diaphorina_citri.eg.sqlite
Dicentrarchus labrax	European seabass	NA	NA	NA	dlabrax	Dicentrarchus labrax	NA	NA	NA	13489	NA
Diceros bicornis_minor	Diceros bicornis_minor	AH120513	Diceros bicornis_minor	NCBI gene ID based annotations about Diceros bicornis_minor	NA	NA	OrgDb	2025-03-21	NCBI/UniProt	77932	org.Diceros_bicornis_minor.eg.sqlite
Dicrocoelium dendriticum	Dicrocoelium dendriticum	NA	NA	NA	didendprjeb44434	Dicrocoelium dendriticum	NA	NA	NA	57078	NA
Dictyocaulus viviparus	Dictyocaulus viviparus (PRJNA72587)	NA	NA	NA	diviviprjna72587	Dictyocaulus viviparus	NA	NA	NA	29172	NA
Dictyostelium discoideum AX4	Dictyostelium discoideum	NA	NA	NA	ddiscoideum	Dictyostelium discoideum AX4	NA	NA	NA	352472	NA
Didelphis ursina	Didelphis ursina	AH120376	Didelphis ursina	NCBI gene ID based annotations about Didelphis ursina	vursinus	Vombatus ursinus	OrgDb	2025-03-21	NCBI/UniProt	29139	org.Didelphis_ursina.eg.sqlite
Didelphis vulpecula	Didelphis vulpecula	AH120417	Didelphis vulpecula	NCBI gene ID based annotations about Didelphis vulpecula	NA	NA	OrgDb	2025-03-21	NCBI/UniProt	9337	org.Didelphis_vulpecula.eg.sqlite
Didelphys agilis	Didelphys agilis	AH120895	Didelphys agilis	NCBI gene ID based annotations about Didelphys agilis	NA	NA	OrgDb	2025-03-21	NCBI/UniProt	191870	org.Didelphys_agilis.eg.sqlite
Didelphys domestica	Didelphys domestica	AH120232	Didelphys domestica	NCBI gene ID based annotations about Didelphys domestica	mdomestica	Monodelphis domestica	OrgDb	2025-03-21	NCBI/UniProt	13616	org.Didelphys_domestica.eg.sqlite
Digitaria exilis	Digitaria exilis	NA	NA	NA	dexilis	Digitaria exilis	NA	NA	NA	1010633	NA
Dimorphilus gyrociliatus	Dimorphilus gyrociliatus (Segmented worms)	NA	NA	NA	dggca904063045v1	Dimorphilus gyrociliatus	NA	NA	NA	2664684	NA
Dinothrombium tinctorium	Dinothrombium tinctorium (Red velvet mite, UoL-WK)	NA	NA	NA	dtinctorium	Dinothrombium tinctorium	NA	NA	NA	1965070	NA
Diorhabda carinulata	Diorhabda carinulata (Northern tamarisk beetle, Delta)	NA	NA	NA	dcgca026250575v1rs	Diorhabda carinulata	NA	NA	NA	1163345	NA
Diorhabda sublineata	Diorhabda sublineata (Subtropical tamarisk beetle, icDioSubl1.1)	NA	NA	NA	dsgca026230105v1rs	Diorhabda sublineata	NA	NA	NA	1163346	NA
Dioscorea cayenensis_subsp._rotundata_(Poir.)_J.Miege,_1968	Dioscorea cayenensis_subsp._rotundata_(Poir.)_J.Miege,_1968	AH120098	Dioscorea cayenensis_subsp._rotundata_(Poir.)_J.Miege,_1968	NCBI gene ID based annotations about Dioscorea cayenensis_subsp._rotundata_(Poir.)_J.Miege,_1968	drotundata	Dioscorea cayenensis subsp. rotundata	OrgDb	2025-03-21	NCBI/UniProt	55577	org.Dioscorea_cayenensis_subsp._rotundata_(Poir.)_J.Miege,_1968.eg.sqlite
Diospyros lotus	Diospyros lotus	AH120744	Diospyros lotus	NCBI gene ID based annotations about Diospyros lotus	NA	NA	OrgDb	2025-03-21	NCBI/UniProt	55363	org.Diospyros_lotus.eg.sqlite
Diplogasteroides magnus	Diplogasteroides magnus	NA	NA	NA	dimagnprjna655932	Diplogasteroides magnus	NA	NA	NA	560213	NA
Diplophysa dalaica	Diplophysa dalaica	AH120207	Diplophysa dalaica	NCBI gene ID based annotations about Diplophysa dalaica	NA	NA	OrgDb	2025-03-21	NCBI/UniProt	1582913	org.Diplophysa_dalaica.eg.sqlite
Diploscapter coronatus	Diploscapter coronatus	NA	NA	NA	dicoroprjdb3143	Diploscapter coronatus	NA	NA	NA	288516	NA
Diploscapter pachys	Diploscapter pachys	NA	NA	NA	dipachprjna280107	Diploscapter pachys	NA	NA	NA	2018661	NA
Dipodomys merriami	Dipodomys merriami	AH119920	Dipodomys merriami	NCBI gene ID based annotations about Dipodomys merriami	NA	NA	OrgDb	2025-03-21	NCBI/UniProt	94247	org.Dipodomys_merriami.eg.sqlite
Dipodomys ordii	Kangaroo rat	NA	NA	NA	dordii	Dipodomys ordii	NA	NA	NA	10020	NA
Dipodomys spectabilis	Dipodomys spectabilis	AH120217	Dipodomys spectabilis	NCBI gene ID based annotations about Dipodomys spectabilis	NA	NA	OrgDb	2025-03-21	NCBI/UniProt	105255	org.Dipodomys_spectabilis.eg.sqlite
Dirofilaria immitis	Dirofilaria immitis (PRJNA723804)	NA	NA	NA	diimmiprjna723804	Dirofilaria immitis	NA	NA	NA	6287	NA
Ditylenchus destructor	Ditylenchus destructor (PRJNA312427)	NA	NA	NA	didestprjna312427	Ditylenchus destructor	NA	NA	NA	166010	NA
Ditylenchus dipsaci	Ditylenchus dipsaci	NA	NA	NA	didipsprjna498219	Ditylenchus dipsaci	NA	NA	NA	166011	NA
Diuraphis noxia	Diuraphis noxia (Russian wheat aphid, RWA2)	NA	NA	NA	dngca001186385v1	Diuraphis noxia	NA	NA	NA	143948	NA
Dixiphia pipra	Dixiphia pipra	AH121061	Dixiphia pipra	NCBI gene ID based annotations about Dixiphia pipra	NA	NA	OrgDb	2025-03-21	NCBI/UniProt	415032	org.Dixiphia_pipra.eg.sqlite
Dolichos unguiculatus	Dolichos unguiculatus	AH120168	Dolichos unguiculatus	NCBI gene ID based annotations about Dolichos unguiculatus	vunguiculata	Vigna unguiculata	OrgDb	2025-03-21	NCBI/UniProt	3917	org.Dolichos_unguiculatus.eg.sqlite
Doryrhamphus dactyliophorus	Doryrhamphus dactyliophorus	AH120815	Doryrhamphus dactyliophorus	NCBI gene ID based annotations about Doryrhamphus dactyliophorus	NA	NA	OrgDb	2025-03-21	NCBI/UniProt	161453	org.Doryrhamphus_dactyliophorus.eg.sqlite
Doryrhamphus excisus	Doryrhamphus excisus	AH119769	Doryrhamphus excisus	NCBI gene ID based annotations about Doryrhamphus excisus	NA	NA	OrgDb	2025-03-21	NCBI/UniProt	161450	org.Doryrhamphus_excisus.eg.sqlite
Dothistroma septosporum NZE10	Dothistroma septosporum	NA	NA	NA	dseptosporum	Dothistroma septosporum NZE10	NA	NA	NA	675120	NA
Dracunculus medinensis	Dracunculus medinensis	NA	NA	NA	drmediprjeb500	Dracunculus medinensis	NA	NA	NA	318479	NA
Dreissena polymorpha	Dreissena polymorpha	AH119701	Dreissena polymorpha	NCBI gene ID based annotations about Dreissena polymorpha	dpgca020536995v1rs	Dreissena polymorpha	OrgDb	2025-03-21	NCBI/UniProt	45954	org.Dreissena_polymorpha.eg.sqlite
Dromiciops australis	Dromiciops australis	AH120451	Dromiciops australis	NCBI gene ID based annotations about Dromiciops australis	NA	NA	OrgDb	2025-03-21	NCBI/UniProt	33562	org.Dromiciops_australis.eg.sqlite
Drosophila albomicans	Drosophila albomicans (Fruit fly, 15112-1751.03)	NA	NA	NA	dagca009650485v2rs	Drosophila albomicans	NA	NA	NA	7291	NA
Drosophila ananassae	Drosophila ananassae (Fruit fly, 14024-0371.13)	NA	NA	NA	dagca017639315v2rs	Drosophila ananassae	NA	NA	NA	7217	NA
Drosophila arizonae	Drosophila arizonae (Fruit fly, ariz_Son04)	NA	NA	NA	dagca001654025v1rs	Drosophila arizonae	NA	NA	NA	7263	NA
Drosophila biarmipes	Drosophila biarmipes (Fruit fly, raj3)	NA	NA	NA	dbgca025231255v1rs	Drosophila biarmipes	NA	NA	NA	125945	NA
Drosophila bipectinata	Drosophila bipectinata (Pomace flies, 14024-0381.07)	NA	NA	NA	dbgca030179905v2rs	Drosophila bipectinata	NA	NA	NA	42026	NA
Drosophila busckii	Drosophila busckii (Fruit fly, San Diego stock center stock number 13000-0081.31)	NA	NA	NA	dbgca011750605v1rs	Drosophila busckii	NA	NA	NA	30019	NA
Drosophila elegans	Drosophila elegans (Pomace flies, 14027-0461.03)	NA	NA	NA	degca018152505v1rs	Drosophila elegans	NA	NA	NA	30023	NA
Drosophila erecta	Drosophila erecta (Fruit fly, 14021-0224.00,06,07)	NA	NA	NA	degca003286155v2rs	Drosophila erecta	NA	NA	NA	7220	NA
Drosophila eugracilis	Drosophila eugracilis (Fruit fly, 14026-0451.02)	NA	NA	NA	degca018153835v1rs	Drosophila eugracilis	NA	NA	NA	29029	NA
Drosophila ficusphila	Drosophila ficusphila (Fruit fly, 14025-0441.05)	NA	NA	NA	dfgca018152265v1rs	Drosophila ficusphila	NA	NA	NA	30025	NA
Drosophila grimshawi	Drosophila grimshawi (Fruit fly, 15287-2541.00)	NA	NA	NA	dggca018153295v1rs	Drosophila grimshawi	NA	NA	NA	7222	NA
Drosophila guanche	Drosophila guanche (Fruit fly)	NA	NA	NA	dggca900245975v1rs	Drosophila guanche	NA	NA	NA	7266	NA
Drosophila gunungcola	Drosophila gunungcola (Fruit fly, Sukarami)	NA	NA	NA	dggca025200985v1rs	Drosophila gunungcola	NA	NA	NA	103775	NA
Drosophila hydei	Drosophila hydei (Fruit fly, 15085-1641.00,03,60)	NA	NA	NA	dhgca003285905v2rs	Drosophila hydei	NA	NA	NA	7224	NA
Drosophila innubila	Drosophila innubila (Fruit fly, TH190305)	NA	NA	NA	digca004354385v1rs	Drosophila innubila	NA	NA	NA	198719	NA
Drosophila kikkawai	Drosophila kikkawai (Pomace flies, 14028-0561.14)	NA	NA	NA	dkgca030179895v2rs	Drosophila kikkawai	NA	NA	NA	30033	NA
Drosophila mauritiana	Drosophila mauritiana (Fruit fly, mau12)	NA	NA	NA	dmgca004382145v1rs	Drosophila mauritiana	NA	NA	NA	7226	NA
Drosophila melanogaster	Drosophila melanogaster	AH121952	Drosophila melanogaster	NCBI gene ID based annotations about Drosophila melanogaster	dmelanogaster	Drosophila melanogaster	OrgDb	2025-10-29	NCBI/ensembl	7227	org.Dm.eg.db.sqlite
Drosophila miranda	Drosophila miranda	AH121102	Drosophila miranda	NCBI gene ID based annotations about Drosophila miranda	dmgca003369915v2rs	Drosophila miranda	OrgDb	2025-03-21	NCBI/UniProt	7229	org.Drosophila_miranda.eg.sqlite
Drosophila mojavensis	Drosophila mojavensis (Fruit fly, 15081-1352.22)	NA	NA	NA	dmgca018153725v1rs	Drosophila mojavensis	NA	NA	NA	7230	NA
Drosophila montana	Drosophila montana (Pomace flies, Dmon_TW-CO22-7)	NA	NA	NA	dmgca035044405v1rs	Drosophila montana	NA	NA	NA	40370	NA
Drosophila nasuta	Drosophila nasuta (Pomace flies, 15112-1781.00)	NA	NA	NA	dngca023558535v2rs	Drosophila nasuta	NA	NA	NA	42062	NA
Drosophila navojoa	Drosophila navojoa (Fruit fly, navoj_Jal97)	NA	NA	NA	dngca001654015v2rs	Drosophila navojoa	NA	NA	NA	7232	NA
Drosophila novamexicana	Drosophila novamexicana (Pomace flies, 15010-1031.04,08,12)	NA	NA	NA	dngca003285875v3rs	Drosophila novamexicana	NA	NA	NA	47314	NA
Drosophila obscura	Drosophila obscura (Fruit fly, BZ-5 IFL)	NA	NA	NA	dogca018151105v1rs	Drosophila obscura	NA	NA	NA	7282	NA
Drosophila persimilis	Drosophila persimilis (Fruit fly, 14011-0111.01,24,50)	NA	NA	NA	dpgca003286085v2rs	Drosophila persimilis	NA	NA	NA	7234	NA
Drosophila pseudoobscura	Drosophila pseudoobscura (Fruit fly, MV2-25)	NA	NA	NA	dpgca009870125v2rs	Drosophila pseudoobscura	NA	NA	NA	7237	NA
Drosophila pseudoobscura pseudoobscura	Drosophila pseudoobscura pseudoobscura (Fruit fly, MV2-25)	NA	NA	NA	dpseudoobscura	Drosophila pseudoobscura pseudoobscura	NA	NA	NA	46245	NA
Drosophila rhopaloa	Drosophila rhopaloa (Fruit fly, 14029-0021.01)	NA	NA	NA	drgca018152115v1rs	Drosophila rhopaloa	NA	NA	NA	1041015	NA
Drosophila santomea	Drosophila santomea (Fruit fly, STO CAGO 1482)	NA	NA	NA	dsgca016746245v2rs	Drosophila santomea	NA	NA	NA	129105	NA
Drosophila sechellia	Drosophila sechellia (Fruit fly, sech25)	NA	NA	NA	dsgca004382195v2rs	Drosophila sechellia	NA	NA	NA	7238	NA
Drosophila serrata	Drosophila serrata (Pomace flies, Fors4)	NA	NA	NA	dsgca002093755v2rs	Drosophila serrata	NA	NA	NA	7274	NA
Drosophila simulans	Drosophila simulans (Fruit fly, w501)	NA	NA	NA	dsgca016746395v2rs	Drosophila simulans	NA	NA	NA	7240	NA
Drosophila subobscura	Drosophila subobscura (Fruit fly, 14011-0131.10)	NA	NA	NA	dsgca008121235v1rs	Drosophila subobscura	NA	NA	NA	7241	NA
Drosophila subpulchrella	Drosophila subpulchrella	AH121492	Drosophila subpulchrella	NCBI gene ID based annotations about Drosophila subpulchrella	dsgca014743375v2rs	Drosophila subpulchrella	OrgDb	2025-03-21	NCBI/UniProt	1486046	org.Drosophila_subpulchrella.eg.sqlite
Drosophila sulfurigaster albostrigata	Drosophila sulfurigaster albostrigata (Flies, 15112-1811.04)	NA	NA	NA	dsgca023558435v2rs	Drosophila sulfurigaster albostrigata	NA	NA	NA	89887	NA
Drosophila suzukii	Drosophila suzukii	AH121453	Drosophila suzukii	NCBI gene ID based annotations about Drosophila suzukii	dsgca037355615v1rs	Drosophila suzukii	OrgDb	2025-03-21	NCBI/UniProt	28584	org.Drosophila_suzukii.eg.sqlite
Drosophila takahashii	Drosophila takahashii	AH121449	Drosophila takahashii	NCBI gene ID based annotations about Drosophila takahashii	dtgca030179915v2rs	Drosophila takahashii	OrgDb	2025-03-21	NCBI/UniProt	29030	org.Drosophila_takahashii.eg.sqlite
Drosophila teissieri	Drosophila teissieri (Fruit fly, GT53w)	NA	NA	NA	dtgca016746235v2rs	Drosophila teissieri	NA	NA	NA	7243	NA
Drosophila tropicalis	Drosophila tropicalis (Pomace flies, 14030-0801.00)	NA	NA	NA	dtgca018151085v1rs	Drosophila tropicalis	NA	NA	NA	46794	NA
Drosophila virilis	Drosophila virilis (Pomace flies, 15010-1051.87)	NA	NA	NA	dvgca030788295v1rs	Drosophila virilis	NA	NA	NA	7244	NA
Drosophila willistoni	Drosophila willistoni (Fruit fly, 14030-0811.24)	NA	NA	NA	dwgca018902025v2rs	Drosophila willistoni	NA	NA	NA	7260	NA
Drosophila yakuba	Drosophila yakuba (Fruit fly, Tai18E2)	NA	NA	NA	dygca016746365v2rs	Drosophila yakuba	NA	NA	NA	7245	NA
Dufourea novaeangliae	Dufourea novaeangliae (Bee, 0120121106)	NA	NA	NA	dngca001272555v1rs	Dufourea novaeangliae	NA	NA	NA	178035	NA
Durio zibethinus	Durio zibethinus	AH119782	Durio zibethinus	NCBI gene ID based annotations about Durio zibethinus	NA	NA	OrgDb	2025-03-21	NCBI/UniProt	66656	org.Durio_zibethinus.eg.sqlite
Dysidea avara	Dysidea avara	AH120230	Dysidea avara	NCBI gene ID based annotations about Dysidea avara	NA	NA	OrgDb	2025-03-21	NCBI/UniProt	196820	org.Dysidea_avara.eg.sqlite
Echinochloa crus-galli	Echinochloa crus-galli	NA	NA	NA	ecrusgalli	Echinochloa crus-galli	NA	NA	NA	90397	NA
Echinococcus canadensis	Echinococcus canadensis	NA	NA	NA	eccanaprjeb8992	Echinococcus canadensis	NA	NA	NA	519352	NA
Echinococcus granulosus	Echinococcus granulosus (PRJEB121)	NA	NA	NA	ecgranprjeb121	Echinococcus granulosus	NA	NA	NA	6210	NA
Echinococcus multilocularis	Echinococcus multilocularis	NA	NA	NA	ecmultprjeb122	Echinococcus multilocularis	NA	NA	NA	6211	NA
Echinococcus oligarthrus	Echinococcus oligarthrus	NA	NA	NA	ecoligprjeb31222	Echinococcus oligarthrus	NA	NA	NA	6212	NA
Echinops telfairii	Echinops telfairii	AH120350	Echinops telfairii	NCBI gene ID based annotations about Echinops telfairii	etelfairi	Echinops telfairi	OrgDb	2025-03-21	NCBI/UniProt	9371	org.Echinops_telfairii.eg.sqlite
Echinostoma caproni	Echinostoma caproni	NA	NA	NA	eccaprprjeb1207	Echinostoma caproni	NA	NA	NA	27848	NA
Echinus purpuratus	Echinus purpuratus	AH120211	Echinus purpuratus	NCBI gene ID based annotations about Echinus purpuratus	spurpuratus	Strongylocentrotus purpuratus	OrgDb	2025-03-21	NCBI/UniProt	7668	org.Echinus_purpuratus.eg.sqlite
Echinus variegatus	Echinus variegatus	AH120865	Echinus variegatus	NCBI gene ID based annotations about Echinus variegatus	lvgca018143015v1	Lytechinus variegatus	OrgDb	2025-03-21	NCBI/UniProt	7654	org.Echinus_variegatus.eg.sqlite
Elaeis guineensis	Elaeis guineensis	AH120343	Elaeis guineensis	NCBI gene ID based annotations about Elaeis guineensis	NA	NA	OrgDb	2025-03-21	NCBI/UniProt	51953	org.Elaeis_guineensis.eg.sqlite
Elaeophora elaphi	Elaeophora elaphi	NA	NA	NA	elelapprjeb502	Elaeophora elaphi	NA	NA	NA	1147741	NA
Electrophorus electricus	Electric eel	NA	NA	NA	eelectricus	Electrophorus electricus	NA	NA	NA	8005	NA
Eleginops maclovinus	Eleginops maclovinus	AH120924	Eleginops maclovinus	NCBI gene ID based annotations about Eleginops maclovinus	NA	NA	OrgDb	2025-03-21	NCBI/UniProt	56733	org.Eleginops_maclovinus.eg.sqlite
Elephantulus edwardii	Elephantulus edwardii	AH120127	Elephantulus edwardii	NCBI gene ID based annotations about Elephantulus edwardii	NA	NA	OrgDb	2025-03-21	NCBI/UniProt	28737	org.Elephantulus_edwardii.eg.sqlite
Elephas africanus	Elephas africanus	AH120325	Elephas africanus	NCBI gene ID based annotations about Elephas africanus	lafricana	Loxodonta africana	OrgDb	2025-03-21	NCBI/UniProt	9785	org.Elephas_africanus.eg.sqlite
Elephas maximus_indicus	Elephas maximus_indicus	AH120459	Elephas maximus_indicus	NCBI gene ID based annotations about Elephas maximus_indicus	NA	NA	OrgDb	2025-03-21	NCBI/UniProt	99487	org.Elephas_maximus_indicus.eg.sqlite
Eleutherodactylus coqui	Eleutherodactylus coqui	AH119630	Eleutherodactylus coqui	NCBI gene ID based annotations about Eleutherodactylus coqui	NA	NA	OrgDb	2025-03-21	NCBI/UniProt	57060	org.Eleutherodactylus_coqui.eg.sqlite
Elgaria multicarinata_webbii	Elgaria multicarinata_webbii	AH121210	Elgaria multicarinata_webbii	NCBI gene ID based annotations about Elgaria multicarinata_webbii	NA	NA	OrgDb	2025-03-21	NCBI/UniProt	159646	org.Elgaria_multicarinata_webbii.eg.sqlite
Embiotoca jacksonii	Embiotoca jacksonii	AH121051	Embiotoca jacksonii	NCBI gene ID based annotations about Embiotoca jacksonii	NA	NA	OrgDb	2025-03-21	NCBI/UniProt	100190	org.Embiotoca_jacksonii.eg.sqlite
Emiliania huxleyi_CCMP1516	Emiliania huxleyi_CCMP1516	AH119944	Emiliania huxleyi_CCMP1516	NCBI gene ID based annotations about Emiliania huxleyi_CCMP1516	ehuxleyi	Emiliania huxleyi CCMP1516	OrgDb	2025-03-21	NCBI/UniProt	280463	org.Emiliania_huxleyi_CCMP1516.eg.sqlite
Empidonax traillii	Empidonax traillii	AH121382	Empidonax traillii	NCBI gene ID based annotations about Empidonax traillii	NA	NA	OrgDb	2025-03-21	NCBI/UniProt	164674	org.Empidonax_traillii.eg.sqlite
Emydura macquarii_macquarii	Emydura macquarii_macquarii	AH120840	Emydura macquarii_macquarii	NCBI gene ID based annotations about Emydura macquarii_macquarii	NA	NA	OrgDb	2025-03-21	NCBI/UniProt	1129001	org.Emydura_macquarii_macquarii.eg.sqlite
Emys muticus	Emys muticus	AH120071	Emys muticus	NCBI gene ID based annotations about Emys muticus	NA	NA	OrgDb	2025-03-21	NCBI/UniProt	74926	org.Emys_muticus.eg.sqlite
Emys orbicularis	Emys orbicularis	AH121162	Emys orbicularis	NCBI gene ID based annotations about Emys orbicularis	NA	NA	OrgDb	2025-03-21	NCBI/UniProt	82168	org.Emys_orbicularis.eg.sqlite
Emys pileata	Emys pileata	AH120931	Emys pileata	NCBI gene ID based annotations about Emys pileata	NA	NA	OrgDb	2025-03-21	NCBI/UniProt	2991368	org.Emys_pileata.eg.sqlite
Enhydra lutris_kenyoni	Enhydra lutris_kenyoni	AH121072	Enhydra lutris_kenyoni	NCBI gene ID based annotations about Enhydra lutris_kenyoni	NA	NA	OrgDb	2025-03-21	NCBI/UniProt	391180	org.Enhydra_lutris_kenyoni.eg.sqlite
Enoplolaimus lenunculus	Enoplolaimus lenunculus	NA	NA	NA	enlenuprjna953805	Enoplolaimus lenunculus	NA	NA	NA	2505740	NA
Entamoeba histolytica HM-1:IMSS	Entamoeba histolytica	NA	NA	NA	ehistolytica	Entamoeba histolytica HM-1:IMSS	NA	NA	NA	294381	NA
Entelurus aequoreus	Entelurus aequoreus	AH120050	Entelurus aequoreus	NCBI gene ID based annotations about Entelurus aequoreus	NA	NA	OrgDb	2025-03-21	NCBI/UniProt	161455	org.Entelurus_aequoreus.eg.sqlite
Enterobius vermicularis	Enterobius vermicularis	NA	NA	NA	envermprjeb503	Enterobius vermicularis	NA	NA	NA	51028	NA
Epinephelus fuscoguttatus	Epinephelus fuscoguttatus	AH120758	Epinephelus fuscoguttatus	NCBI gene ID based annotations about Epinephelus fuscoguttatus	NA	NA	OrgDb	2025-03-21	NCBI/UniProt	293821	org.Epinephelus_fuscoguttatus.eg.sqlite
Epinephelus lanceolatus	Epinephelus lanceolatus	AH120818	Epinephelus lanceolatus	NCBI gene ID based annotations about Epinephelus lanceolatus	NA	NA	OrgDb	2025-03-21	NCBI/UniProt	310571	org.Epinephelus_lanceolatus.eg.sqlite
Epinephelus moara	Epinephelus moara	AH120871	Epinephelus moara	NCBI gene ID based annotations about Epinephelus moara	NA	NA	OrgDb	2025-03-21	NCBI/UniProt	300413	org.Epinephelus_moara.eg.sqlite
Epsilonema sp. ZAB3_2	Epsilonema zab32	NA	NA	NA	epzab3prjna953805	Epsilonema sp. ZAB3_2	NA	NA	NA	3043721	NA
Eptatretus burgeri	Hagfish	NA	NA	NA	eburgeri	Eptatretus burgeri	NA	NA	NA	7764	NA
Eptesicus fuscus	Eptesicus fuscus	AH120449	Eptesicus fuscus	NCBI gene ID based annotations about Eptesicus fuscus	NA	NA	OrgDb	2025-03-21	NCBI/UniProt	29078	org.Eptesicus_fuscus.eg.sqlite
Equus asinus	Equus asinus	AH120204	Equus asinus	NCBI gene ID based annotations about Equus asinus	easinus	Equus asinus	OrgDb	2025-03-21	NCBI/UniProt	9793	org.Equus_asinus.eg.sqlite
Equus burchellii_quagga	Equus burchellii_quagga	AH120784	Equus burchellii_quagga	NCBI gene ID based annotations about Equus burchellii_quagga	NA	NA	OrgDb	2025-03-21	NCBI/UniProt	89248	org.Equus_burchellii_quagga.eg.sqlite
Equus caballus	Equus caballus	AH119892	Equus caballus	NCBI gene ID based annotations about Equus caballus	ecaballus	Equus caballus	OrgDb	2025-03-21	NCBI/UniProt	9796	org.Equus_caballus.eg.sqlite
Equus caballus_przewalskii	Equus caballus_przewalskii	AH120116	Equus caballus_przewalskii	NCBI gene ID based annotations about Equus caballus_przewalskii	NA	NA	OrgDb	2025-03-21	NCBI/UniProt	9798	org.Equus_caballus_przewalskii.eg.sqlite
Eragrostis curvula	Eragrostis curvula	NA	NA	NA	ecurvula	Eragrostis curvula	NA	NA	NA	38414	NA
Eragrostis tef	Eragrostis tef	NA	NA	NA	etef	Eragrostis tef	NA	NA	NA	110835	NA
Eremothecium gossypii ATCC 10895	Ashbya gossypii	NA	NA	NA	agossypii	Eremothecium gossypii ATCC 10895	NA	NA	NA	284811	NA
Erinaceus europaeus	Erinaceus europaeus	AH120364	Erinaceus europaeus	NCBI gene ID based annotations about Erinaceus europaeus	eeuropaeus	Erinaceus europaeus	OrgDb	2025-03-21	NCBI/UniProt	9365	org.Erinaceus_europaeus.eg.sqlite
Eriocheir chinensis	Eriocheir chinensis	AH120524	Eriocheir chinensis	NCBI gene ID based annotations about Eriocheir chinensis	esgca024679095v1rs	Eriocheir sinensis	OrgDb	2025-03-21	NCBI/UniProt	95602	org.Eriocheir_chinensis.eg.sqlite
Erpetoichthys calabaricus	Reedfish	NA	NA	NA	ecalabaricus	Erpetoichthys calabaricus	NA	NA	NA	27687	NA
Erythranthe guttata	Erythranthe guttata	AH120585	Erythranthe guttata	NCBI gene ID based annotations about Erythranthe guttata	NA	NA	OrgDb	2025-03-21	NCBI/UniProt	4155	org.Erythranthe_guttata.eg.sqlite
Escherichia coli	Escherichia coli	AH121950	Escherichia coli	NCBI gene ID based annotations about Escherichia coli	NA	NA	OrgDb	2025-10-29	NCBI/ensembl	511145	org.EcK12.eg.db.sqlite
Esox lucius	Esox lucius	AH120556	Esox lucius	NCBI gene ID based annotations about Esox lucius	elucius	Esox lucius	OrgDb	2025-03-21	NCBI/UniProt	8010	org.Esox_lucius.eg.sqlite
Esox malabaricus	Esox malabaricus	AH119758	Esox malabaricus	NCBI gene ID based annotations about Esox malabaricus	NA	NA	OrgDb	2025-03-21	NCBI/UniProt	27720	org.Esox_malabaricus.eg.sqlite
Etheostoma cragini	Etheostoma cragini	AH120769	Etheostoma cragini	NCBI gene ID based annotations about Etheostoma cragini	NA	NA	OrgDb	2025-03-21	NCBI/UniProt	417921	org.Etheostoma_cragini.eg.sqlite
Etheostoma spectabile	Etheostoma spectabile	AH119956	Etheostoma spectabile	NCBI gene ID based annotations about Etheostoma spectabile	NA	NA	OrgDb	2025-03-21	NCBI/UniProt	54343	org.Etheostoma_spectabile.eg.sqlite
Eucalyptus grandis	Eucalyptus grandis	AH119823	Eucalyptus grandis	NCBI gene ID based annotations about Eucalyptus grandis	egrandis	Eucalyptus grandis	OrgDb	2025-03-21	NCBI/UniProt	71139	org.Eucalyptus_grandis.eg.sqlite
Eufriesea mexicana	Eufriesea mexicana (Mexican orchid bee, 0111107269)	NA	NA	NA	emgca001483705v2rs	Eufriesea mexicana	NA	NA	NA	516756	NA
Eugenia oleosa	Eugenia oleosa	AH120148	Eugenia oleosa	NCBI gene ID based annotations about Eugenia oleosa	NA	NA	OrgDb	2025-03-21	NCBI/UniProt	219896	org.Eugenia_oleosa.eg.sqlite
Eulemur rufifrons	Eulemur rufifrons	AH120708	Eulemur rufifrons	NCBI gene ID based annotations about Eulemur rufifrons	NA	NA	OrgDb	2025-03-21	NCBI/UniProt	859984	org.Eulemur_rufifrons.eg.sqlite
Euleptes europaea	Euleptes europaea	AH121224	Euleptes europaea	NCBI gene ID based annotations about Euleptes europaea	NA	NA	OrgDb	2025-03-21	NCBI/UniProt	460621	org.Euleptes_europaea.eg.sqlite
Eumetopias jubatus	Eumetopias jubatus	AH120510	Eumetopias jubatus	NCBI gene ID based annotations about Eumetopias jubatus	NA	NA	OrgDb	2025-03-21	NCBI/UniProt	34886	org.Eumetopias_jubatus.eg.sqlite
Euphema bourkii	Euphema bourkii	AH121306	Euphema bourkii	NCBI gene ID based annotations about Euphema bourkii	NA	NA	OrgDb	2025-03-21	NCBI/UniProt	309878	org.Euphema_bourkii.eg.sqlite
Euphorbia lathyris	Euphorbia lathyris	AH120052	Euphorbia lathyris	NCBI gene ID based annotations about Euphorbia lathyris	NA	NA	OrgDb	2025-03-21	NCBI/UniProt	212925	org.Euphorbia_lathyris.eg.sqlite
Eurytemora carolleeae	Eurytemora carolleeae	AH121105	Eurytemora carolleeae	NCBI gene ID based annotations about Eurytemora carolleeae	ecgca000591075v1rs	Eurytemora carolleeae	OrgDb	2025-03-21	NCBI/UniProt	1294199	org.Eurytemora_carolleeae.eg.sqlite
Eutainia elegans	Eutainia elegans	AH121213	Eutainia elegans	NCBI gene ID based annotations about Eutainia elegans	NA	NA	OrgDb	2025-03-21	NCBI/UniProt	35005	org.Eutainia_elegans.eg.sqlite
Euthrips occidentalis	Euthrips occidentalis	AH121481	Euthrips occidentalis	NCBI gene ID based annotations about Euthrips occidentalis	NA	NA	OrgDb	2025-03-21	NCBI/UniProt	133901	org.Euthrips_occidentalis.eg.sqlite
Exopalaemon carinicauda	Exopalaemon carinicauda	AH119772	Exopalaemon carinicauda	NCBI gene ID based annotations about Exopalaemon carinicauda	NA	NA	OrgDb	2025-03-21	NCBI/UniProt	392227	org.Exopalaemon_carinicauda.eg.sqlite
Falco albicilla	Falco albicilla	AH121186	Falco albicilla	NCBI gene ID based annotations about Falco albicilla	NA	NA	OrgDb	2025-03-21	NCBI/UniProt	8969	org.Falco_albicilla.eg.sqlite
Falco biarmicus	Falco biarmicus	AH121364	Falco biarmicus	NCBI gene ID based annotations about Falco biarmicus	NA	NA	OrgDb	2025-03-21	NCBI/UniProt	345155	org.Falco_biarmicus.eg.sqlite
Falco cherrug	Falco cherrug	AH121319	Falco cherrug	NCBI gene ID based annotations about Falco cherrug	NA	NA	OrgDb	2025-03-21	NCBI/UniProt	345164	org.Falco_cherrug.eg.sqlite
Falco naumanni	Falco naumanni	AH121347	Falco naumanni	NCBI gene ID based annotations about Falco naumanni	NA	NA	OrgDb	2025-03-21	NCBI/UniProt	148594	org.Falco_naumanni.eg.sqlite
Falco peregrinus	Falco peregrinus	AH121318	Falco peregrinus	NCBI gene ID based annotations about Falco peregrinus	NA	NA	OrgDb	2025-03-21	NCBI/UniProt	8954	org.Falco_peregrinus.eg.sqlite
Falco rusticolus	Falco rusticolus	AH121368	Falco rusticolus	NCBI gene ID based annotations about Falco rusticolus	NA	NA	OrgDb	2025-03-21	NCBI/UniProt	120794	org.Falco_rusticolus.eg.sqlite
Fasciola gigantica	Fasciola gigantica	NA	NA	NA	fagigaprjna230515	Fasciola gigantica	NA	NA	NA	46835	NA
Fasciola hepatica	Fasciola hepatica (PRJEB58756)	NA	NA	NA	fahepaprjeb58756	Fasciola hepatica	NA	NA	NA	6192	NA
Fasciolopsis buskii	Fasciolopsis buski	NA	NA	NA	fabuskprjna284521	Fasciolopsis buskii	NA	NA	NA	27845	NA
Felis bengalensis	Felis bengalensis	AH120480	Felis bengalensis	NCBI gene ID based annotations about Felis bengalensis	NA	NA	OrgDb	2025-03-21	NCBI/UniProt	37029	org.Felis_bengalensis.eg.sqlite
Felis catus	Felis catus	AH119910	Felis catus	NCBI gene ID based annotations about Felis catus	fcatus	Felis catus	OrgDb	2025-03-21	NCBI/UniProt	9685	org.Felis_catus.eg.sqlite
Felis concolor	Felis concolor	AH121086	Felis concolor	NCBI gene ID based annotations about Felis concolor	NA	NA	OrgDb	2025-03-21	NCBI/UniProt	9696	org.Felis_concolor.eg.sqlite
Felis geoffroyi	Felis geoffroyi	AH120045	Felis geoffroyi	NCBI gene ID based annotations about Felis geoffroyi	NA	NA	OrgDb	2025-03-21	NCBI/UniProt	46844	org.Felis_geoffroyi.eg.sqlite
Felis nebulosa	Felis nebulosa	AH120014	Felis nebulosa	NCBI gene ID based annotations about Felis nebulosa	NA	NA	OrgDb	2025-03-21	NCBI/UniProt	61452	org.Felis_nebulosa.eg.sqlite
Felis pardus	Felis pardus	AH120159	Felis pardus	NCBI gene ID based annotations about Felis pardus	ppardus	Panthera pardus	OrgDb	2025-03-21	NCBI/UniProt	9691	org.Felis_pardus.eg.sqlite
Felis rufus	Felis rufus	AH120684	Felis rufus	NCBI gene ID based annotations about Felis rufus	NA	NA	OrgDb	2025-03-21	NCBI/UniProt	61384	org.Felis_rufus.eg.sqlite
Felis tigris	Felis tigris	AH120209	Felis tigris	NCBI gene ID based annotations about Felis tigris	NA	NA	OrgDb	2025-03-21	NCBI/UniProt	9694	org.Felis_tigris.eg.sqlite
Felis uncia	Felis uncia	AH120434	Felis uncia	NCBI gene ID based annotations about Felis uncia	NA	NA	OrgDb	2025-03-21	NCBI/UniProt	29064	org.Felis_uncia.eg.sqlite
Felis viverrina	Felis viverrina	AH120465	Felis viverrina	NCBI gene ID based annotations about Felis viverrina	NA	NA	OrgDb	2025-03-21	NCBI/UniProt	61388	org.Felis_viverrina.eg.sqlite
Felis yagouaroundi	Felis yagouaroundi	AH120053	Felis yagouaroundi	NCBI gene ID based annotations about Felis yagouaroundi	NA	NA	OrgDb	2025-03-21	NCBI/UniProt	1608482	org.Felis_yagouaroundi.eg.sqlite
Fenneropenaeus indicus	Fenneropenaeus indicus	AH120827	Fenneropenaeus indicus	NCBI gene ID based annotations about Fenneropenaeus indicus	NA	NA	OrgDb	2025-03-21	NCBI/UniProt	29960	org.Fenneropenaeus_indicus.eg.sqlite
Festuca perennis_(L.)_Columbus_&_J.P.Sm.,_2010	Festuca perennis_(L.)_Columbus_&_J.P.Sm.,_2010	AH119659	Festuca perennis_(L.)_Columbus_&_J.P.Sm.,_2010	NCBI gene ID based annotations about Festuca perennis_(L.)_Columbus_&_J.P.Sm.,_2010	lperenne	Lolium perenne	OrgDb	2025-03-21	NCBI/UniProt	4522	org.Festuca_perennis_(L.)_Columbus_&_J.P.Sm.,_2010.eg.sqlite
Ficedula albicollis	Collared flycatcher	NA	NA	NA	falbicollis	Ficedula albicollis	NA	NA	NA	59894	NA
Ficus carica	Ficus carica	NA	NA	NA	fcarica	Ficus carica	NA	NA	NA	3494	NA
Fluta alba	Fluta alba	AH121073	Fluta alba	NCBI gene ID based annotations about Fluta alba	NA	NA	OrgDb	2025-03-21	NCBI/UniProt	43700	org.Fluta_alba.eg.sqlite
Folsomia candida	Folsomia candida	AH120807	Folsomia candida	NCBI gene ID based annotations about Folsomia candida	fcandida	Folsomia candida	OrgDb	2025-03-21	NCBI/UniProt	158441	org.Folsomia_candida.eg.sqlite
Fragaria vesca	Fragaria vesca	AH120806	Fragaria vesca	NCBI gene ID based annotations about Fragaria vesca	NA	NA	OrgDb	2025-03-21	NCBI/UniProt	57918	org.Fragaria_vesca.eg.sqlite
Fraxinus excelsior	Fraxinus excelsior	NA	NA	NA	fexcelsior	Fraxinus excelsior	NA	NA	NA	38873	NA
Fringilla canaria	Fringilla canaria	AH121489	Fringilla canaria	NCBI gene ID based annotations about Fringilla canaria	scanaria	Serinus canaria	OrgDb	2025-03-21	NCBI/UniProt	9135	org.Fringilla_canaria.eg.sqlite
Fringilla chalybeata	Fringilla chalybeata	AH121259	Fringilla chalybeata	NCBI gene ID based annotations about Fringilla chalybeata	NA	NA	OrgDb	2025-03-21	NCBI/UniProt	81927	org.Fringilla_chalybeata.eg.sqlite
Fringilla domestica	Fringilla domestica	AH120408	Fringilla domestica	NCBI gene ID based annotations about Fringilla domestica	NA	NA	OrgDb	2025-03-21	NCBI/UniProt	48849	org.Fringilla_domestica.eg.sqlite
Fringilla gambellii	Fringilla gambellii	AH121334	Fringilla gambellii	NCBI gene ID based annotations about Fringilla gambellii	NA	NA	OrgDb	2025-03-21	NCBI/UniProt	257770	org.Fringilla_gambellii.eg.sqlite
Fringilla macroura	Fringilla macroura	AH121299	Fringilla macroura	NCBI gene ID based annotations about Fringilla macroura	NA	NA	OrgDb	2025-03-21	NCBI/UniProt	187451	org.Fringilla_macroura.eg.sqlite
Fringilla melodia_melodia	Fringilla melodia_melodia	AH121252	Fringilla melodia_melodia	NCBI gene ID based annotations about Fringilla melodia_melodia	NA	NA	OrgDb	2025-03-21	NCBI/UniProt	1914991	org.Fringilla_melodia_melodia.eg.sqlite
Fringilla montana	Fringilla montana	AH121428	Fringilla montana	NCBI gene ID based annotations about Fringilla montana	NA	NA	OrgDb	2025-03-21	NCBI/UniProt	9160	org.Fringilla_montana.eg.sqlite
Fugu flavidus	Fugu flavidus	AH120788	Fugu flavidus	NCBI gene ID based annotations about Fugu flavidus	NA	NA	OrgDb	2025-03-21	NCBI/UniProt	433684	org.Fugu_flavidus.eg.sqlite
Fugu rubripes	Fugu rubripes	AH120795	Fugu rubripes	NCBI gene ID based annotations about Fugu rubripes	trubripes	Takifugu rubripes	OrgDb	2025-03-21	NCBI/UniProt	31033	org.Fugu_rubripes.eg.sqlite
Fusarium culmorum CS7071	Fusarium culmorum UK99	NA	NA	NA	fculmorum	Fusarium culmorum CS7071	NA	NA	NA	1318462	NA
Fusarium fujikuroi	Fusarium fujikuroi	NA	NA	NA	ffujikuroi	Fusarium fujikuroi	NA	NA	NA	5127	NA
Fusarium graminearum	Fusarium graminearum str. PH-1	NA	NA	NA	fgraminearum	Fusarium graminearum	NA	NA	NA	5518	NA
Fusarium oxysporum_f._sp._lycopersici_4287	Fusarium oxysporum_f._sp._lycopersici_4287	AH121236	Fusarium oxysporum_f._sp._lycopersici_4287	NCBI gene ID based annotations about Fusarium oxysporum_f._sp._lycopersici_4287	foxysporum	Fusarium oxysporum f. sp. lycopersici 4287	OrgDb	2025-03-21	NCBI/UniProt	426428	org.Fusarium_oxysporum_f._sp._lycopersici_4287.eg.sqlite
Fusarium pseudograminearum CS3096	Fusarium pseudograminearum	NA	NA	NA	fpseudograminearum	Fusarium pseudograminearum CS3096	NA	NA	NA	1028729	NA
Fusarium solani	Fusarium solani	AH121397	Fusarium solani	NCBI gene ID based annotations about Fusarium solani	NA	NA	OrgDb	2025-03-21	NCBI/UniProt	169388	org.Fusarium_solani.eg.sqlite
Fusarium vanettenii 77-13-4	Fusarium solani	NA	NA	NA	fsolani	Fusarium vanettenii 77-13-4	NA	NA	NA	660122	NA
Fusarium verticillioides 7600	Fusarium verticillioides	NA	NA	NA	fverticillioides	Fusarium verticillioides 7600	NA	NA	NA	334819	NA
Gadus chalcogrammus	Gadus chalcogrammus	AH120000	Gadus chalcogrammus	NCBI gene ID based annotations about Gadus chalcogrammus	NA	NA	OrgDb	2025-03-21	NCBI/UniProt	1042646	org.Gadus_chalcogrammus.eg.sqlite
Gadus macrocephalus	Gadus macrocephalus	AH120499	Gadus macrocephalus	NCBI gene ID based annotations about Gadus macrocephalus	NA	NA	OrgDb	2025-03-21	NCBI/UniProt	80720	org.Gadus_macrocephalus.eg.sqlite
Gadus morhua	Atlantic cod	NA	NA	NA	gmorhua	Gadus morhua	NA	NA	NA	8049	NA
Gaeumannomyces tritici R3-111a-1	Gaeumannomyces tritici R3-111a-1	NA	NA	NA	ggraminis	Gaeumannomyces tritici R3-111a-1	NA	NA	NA	644352	NA
Galago garnettii	Galago garnettii	AH120370	Galago garnettii	NCBI gene ID based annotations about Galago garnettii	ogarnettii	Otolemur garnettii	OrgDb	2025-03-21	NCBI/UniProt	30611	org.Galago_garnettii.eg.sqlite
Galdieria sulphuraria	Galdieria sulphuraria	NA	NA	NA	gsulphuraria	Galdieria sulphuraria	NA	NA	NA	130081	NA
Galendromus occidentalis	Galendromus occidentalis (Western predatory mite)	NA	NA	NA	gogca000255335v2rs	Galendromus occidentalis	NA	NA	NA	34638	NA
Gallus gallus	Gallus gallus	AH121948	Gallus gallus	NCBI gene ID based annotations about Gallus gallus	ggallus	Gallus gallus	OrgDb	2025-10-29	NCBI/ensembl	9031	org.Gg.eg.db.sqlite
Gasterosteus aculeatus	Gasterosteus aculeatus	AH120714	Gasterosteus aculeatus	NCBI gene ID based annotations about Gasterosteus aculeatus	NA	NA	OrgDb	2025-03-21	NCBI/UniProt	69293	org.Gasterosteus_aculeatus.eg.sqlite
Gasterosteus aculeatus aculeatus	Stickleback	NA	NA	NA	gaculeatus	Gasterosteus aculeatus aculeatus	NA	NA	NA	481459	NA
Gasterosteus pungitius	Gasterosteus pungitius	AH119663	Gasterosteus pungitius	NCBI gene ID based annotations about Gasterosteus pungitius	NA	NA	OrgDb	2025-03-21	NCBI/UniProt	134920	org.Gasterosteus_pungitius.eg.sqlite
Gastrolobium bilobum	Gastrolobium bilobum	AH120095	Gastrolobium bilobum	NCBI gene ID based annotations about Gastrolobium bilobum	NA	NA	OrgDb	2025-03-21	NCBI/UniProt	150636	org.Gastrolobium_bilobum.eg.sqlite
Gavialis gangeticus	Gavialis gangeticus	AH121407	Gavialis gangeticus	NCBI gene ID based annotations about Gavialis gangeticus	NA	NA	OrgDb	2025-03-21	NCBI/UniProt	94835	org.Gavialis_gangeticus.eg.sqlite
Gekko japonicus	Gekko japonicus	AH121266	Gekko japonicus	NCBI gene ID based annotations about Gekko japonicus	NA	NA	OrgDb	2025-03-21	NCBI/UniProt	146911	org.Gekko_japonicus.eg.sqlite
Geopsittacus occidentalis	Geopsittacus occidentalis	AH121257	Geopsittacus occidentalis	NCBI gene ID based annotations about Geopsittacus occidentalis	NA	NA	OrgDb	2025-03-21	NCBI/UniProt	407982	org.Geopsittacus_occidentalis.eg.sqlite
Geospiza fortis	Medium ground-finch	NA	NA	NA	gfortis	Geospiza fortis	NA	NA	NA	48883	NA
Giardia lamblia ATCC 50803	Giardia lamblia	NA	NA	NA	glamblia	Giardia lamblia ATCC 50803	NA	NA	NA	184922	NA
Gigantopelta aegis	Gigantopelta aegis	AH120864	Gigantopelta aegis	NCBI gene ID based annotations about Gigantopelta aegis	gagca016097555v1	Gigantopelta aegis	OrgDb	2025-03-21	NCBI/UniProt	1735272	org.Gigantopelta_aegis.eg.sqlite
Globisporangium irregulare DAOM BR486	Pythium irregulare	NA	NA	NA	pirregulare	Globisporangium irregulare DAOM BR486	NA	NA	NA	1223557	NA
Globisporangium iwayamae DAOM BR242034	Pythium iwayamai	NA	NA	NA	piwayamai	Globisporangium iwayamae DAOM BR242034	NA	NA	NA	1223558	NA
Globisporangium ultimum DAOM BR144	Pythium ultimum	NA	NA	NA	pultimum	Globisporangium ultimum DAOM BR144	NA	NA	NA	431595	NA
Globodera pallida	Globodera pallida (PRJEB123)	NA	NA	NA	glpallprjeb123	Globodera pallida	NA	NA	NA	36090	NA
Globodera rostochiensis	Globodera rostochiensis (PRJEB13504)	NA	NA	NA	glrostprjeb13504	Globodera rostochiensis	NA	NA	NA	31243	NA
Glomus irregulare_Blaszk.,_Wubet,_Renker_&_Buscot_2009	Glomus irregulare_Blaszk.,_Wubet,_Renker_&_Buscot_2009	AH120547	Glomus irregulare_Blaszk.,_Wubet,_Renker_&_Buscot_2009	NCBI gene ID based annotations about Glomus irregulare_Blaszk.,_Wubet,_Renker_&_Buscot_2009	NA	NA	OrgDb	2025-03-21	NCBI/UniProt	588596	org.Glomus_irregulare_Blaszk.,_Wubet,_Renker_&_Buscot_2009.eg.sqlite
Glossina austeni	Glossina austeni (Tsetse fly, TTRI)	NA	NA	NA	gausteni	Glossina austeni	NA	NA	NA	7395	NA
Glossina brevipalpis	Glossina brevipalpis (Tsetse fly, IAEA)	NA	NA	NA	gbrevipalpis	Glossina brevipalpis	NA	NA	NA	37001	NA
Glossina fuscipes	Glossina fuscipes (Tsetse fly, IAEA_lab_2018)	NA	NA	NA	gfuscipes	Glossina fuscipes	NA	NA	NA	7396	NA
Glossina morsitans morsitans	Glossina morsitans morsitans (Tsetse fly, Yale) - GCA_001077435.1	NA	NA	NA	gmorsitans	Glossina morsitans morsitans	NA	NA	NA	37546	NA
Glossina pallidipes	Glossina pallidipes (Tsetse fly, IAEA)	NA	NA	NA	gpallidipes	Glossina pallidipes	NA	NA	NA	7398	NA
Glossina palpalis gambiensis	Glossina palpalis gambiensis (Tsetse fly, IAEA)	NA	NA	NA	gpalpalis	Glossina palpalis gambiensis	NA	NA	NA	67801	NA
Glycine max	Glycine max	AH119647	Glycine max	NCBI gene ID based annotations about Glycine max	gmax	Glycine max	OrgDb	2025-03-21	NCBI/UniProt	3847	org.Glycine_max.eg.sqlite
Glycine max_subsp._soja	Glycine max_subsp._soja	AH119643	Glycine max_subsp._soja	NCBI gene ID based annotations about Glycine max_subsp._soja	gsoja	Glycine soja	OrgDb	2025-03-21	NCBI/UniProt	3848	org.Glycine_max_subsp._soja.eg.sqlite
Glyphotaelius pellucidus	Glyphotaelius pellucidus (Caddisflies, reference)	NA	NA	NA	gpgca936435175v1	Glyphotaelius pellucidus	NA	NA	NA	1271742	NA
Gongylonema pulchrum	Gongylonema pulchrum	NA	NA	NA	gopulcprjeb505	Gongylonema pulchrum	NA	NA	NA	637853	NA
Gopherus evgoodei	Goodes thornscrub tortoise	NA	NA	NA	gevgoodei	Gopherus evgoodei	NA	NA	NA	1825980	NA
Gopherus flavomarginatus	Gopherus flavomarginatus	AH120658	Gopherus flavomarginatus	NCBI gene ID based annotations about Gopherus flavomarginatus	NA	NA	OrgDb	2025-03-21	NCBI/UniProt	286002	org.Gopherus_flavomarginatus.eg.sqlite
Gordionus sp. m RMFG-2023	Gordionus sp. m RMFG-2023 (Horsehair worms) - GCF_954871325.1 [RefSeq annotation]	NA	NA	NA	gsgca954871325v1rs	Gordionus sp. m RMFG-2023	NA	NA	NA	3053472	NA
Gorilla gorilla_gorilla	Gorilla gorilla_gorilla	AH119852	Gorilla gorilla_gorilla	NCBI gene ID based annotations about Gorilla gorilla_gorilla	ggorilla	Gorilla gorilla gorilla	OrgDb	2025-03-21	NCBI/UniProt	9595	org.Gorilla_gorilla_gorilla.eg.sqlite
Gossypium arboreum	Gossypium arboreum	AH119682	Gossypium arboreum	NCBI gene ID based annotations about Gossypium arboreum	NA	NA	OrgDb	2025-03-21	NCBI/UniProt	29729	org.Gossypium_arboreum.eg.sqlite
Gossypium hirsutum	Gossypium hirsutum	AH119570	Gossypium hirsutum	NCBI gene ID based annotations about Gossypium hirsutum	NA	NA	OrgDb	2025-03-21	NCBI/UniProt	3635	org.Gossypium_hirsutum.eg.sqlite
Gossypium raimondii	Gossypium raimondii	AH119762	Gossypium raimondii	NCBI gene ID based annotations about Gossypium raimondii	graimondii	Gossypium raimondii	OrgDb	2025-03-21	NCBI/UniProt	29730	org.Gossypium_raimondii.eg.sqlite
Grammomys dolichurus_surdaster	Grammomys dolichurus_surdaster	AH120259	Grammomys dolichurus_surdaster	NCBI gene ID based annotations about Grammomys dolichurus_surdaster	NA	NA	OrgDb	2025-03-21	NCBI/UniProt	491861	org.Grammomys_dolichurus_surdaster.eg.sqlite
Grapholitha glycinivorella	Grapholitha glycinivorella	AH121462	Grapholitha glycinivorella	NCBI gene ID based annotations about Grapholitha glycinivorella	lggca023078275v1rs	Leguminivora glycinivorella	OrgDb	2025-03-21	NCBI/UniProt	1035111	org.Grapholitha_glycinivorella.eg.sqlite
greater Indian_fruit_bat	greater Indian_fruit_bat	AH119853	greater Indian_fruit_bat	NCBI gene ID based annotations about greater Indian_fruit_bat	pvampyrus	Pteropus vampyrus	OrgDb	2025-03-21	NCBI/UniProt	132908	org.greater_Indian_fruit_bat.eg.sqlite
Gryllus gregarius	Gryllus gregarius	AH119567	Gryllus gregarius	NCBI gene ID based annotations about Gryllus gregarius	sggca023897955v2rs	Schistocerca gregaria	OrgDb	2025-03-21	NCBI/UniProt	7010	org.Gryllus_gregarius.eg.sqlite
Gryllus nitens	Gryllus nitens	AH119599	Gryllus nitens	NCBI gene ID based annotations about Gryllus nitens	sngca023898315v2rs	Schistocerca nitens	OrgDb	2025-03-21	NCBI/UniProt	7011	org.Gryllus_nitens.eg.sqlite
Guillardia theta_CCMP2712	Guillardia theta_CCMP2712	AH121040	Guillardia theta_CCMP2712	NCBI gene ID based annotations about Guillardia theta_CCMP2712	gtheta	Guillardia theta CCMP2712	OrgDb	2025-03-21	NCBI/UniProt	905079	org.Guillardia_theta_CCMP2712.eg.sqlite
Gymnodraco acuticeps	Gymnodraco acuticeps	AH120467	Gymnodraco acuticeps	NCBI gene ID based annotations about Gymnodraco acuticeps	NA	NA	OrgDb	2025-03-21	NCBI/UniProt	8218	org.Gymnodraco_acuticeps.eg.sqlite
Gymnopis unicolor	Gymnopis unicolor	AH120926	Gymnopis unicolor	NCBI gene ID based annotations about Gymnopis unicolor	NA	NA	OrgDb	2025-03-21	NCBI/UniProt	1415580	org.Gymnopis_unicolor.eg.sqlite
Gymnostomus macrolepis	Gymnostomus macrolepis	AH120179	Gymnostomus macrolepis	NCBI gene ID based annotations about Gymnostomus macrolepis	NA	NA	OrgDb	2025-03-21	NCBI/UniProt	369639	org.Gymnostomus_macrolepis.eg.sqlite
Gyrodactylus bullatarudis	Gyrodactylus bullatarudis	NA	NA	NA	gybullprjna532341	Gyrodactylus bullatarudis	NA	NA	NA	82660	NA
Gyrodactylus salaris	Gyrodactylus salaris	NA	NA	NA	gysalaprjna244375	Gyrodactylus salaris	NA	NA	NA	37629	NA
Habropoda laboriosa	Habropoda laboriosa (Southeastern blueberry bee, 0110345459)	NA	NA	NA	hlgca001263275v1rs	Habropoda laboriosa	NA	NA	NA	597456	NA
Haemaphysalis longicornis	Haemaphysalis longicornis (Longhorned tick, HaeL-2018) - GCA_013339765.2	NA	NA	NA	hlgca013339765v2vb	Haemaphysalis longicornis	NA	NA	NA	44386	NA
Haemonchus contortus	Haemonchus contortus (PRJNA205202)	NA	NA	NA	hacontprjna205202	Haemonchus contortus	NA	NA	NA	6289	NA
Haemonchus placei	Haemonchus placei	NA	NA	NA	haplacprjeb509	Haemonchus placei	NA	NA	NA	6290	NA
Haitia acuta	Haitia acuta	AH120380	Haitia acuta	NCBI gene ID based annotations about Haitia acuta	NA	NA	OrgDb	2025-03-21	NCBI/UniProt	109671	org.Haitia_acuta.eg.sqlite
Halicephalobus mephisto	Halicephalobus mephisto	NA	NA	NA	hamephprjna528747	Halicephalobus mephisto	NA	NA	NA	2559892	NA
Halicephalobus sp. NKZ332	Halicephalobus nkz332	NA	NA	NA	hankz3prjna555616	Halicephalobus sp. NKZ332	NA	NA	NA	2598192	NA
Halichoerus grypus	Halichoerus grypus	AH119960	Halichoerus grypus	NCBI gene ID based annotations about Halichoerus grypus	NA	NA	OrgDb	2025-03-21	NCBI/UniProt	9711	org.Halichoerus_grypus.eg.sqlite
Halichondria (Halichondria)_panicea	Halichondria (Halichondria)_panicea	AH121203	Halichondria (Halichondria)_panicea	NCBI gene ID based annotations about Halichondria (Halichondria)_panicea	hpgca963675165v1rs	Halichondria panicea	OrgDb	2025-03-21	NCBI/UniProt	6063	org.Halichondria_(Halichondria)_panicea.eg.sqlite
Haliotis asinina	Haliotis asinina	AH119789	Haliotis asinina	NCBI gene ID based annotations about Haliotis asinina	NA	NA	OrgDb	2025-03-21	NCBI/UniProt	109174	org.Haliotis_asinina.eg.sqlite
Haliotis cracherodii	Haliotis cracherodii	AH119896	Haliotis cracherodii	NCBI gene ID based annotations about Haliotis cracherodii	NA	NA	OrgDb	2025-03-21	NCBI/UniProt	6455	org.Haliotis_cracherodii.eg.sqlite
Haliotis rubra	Haliotis rubra	AH119891	Haliotis rubra	NCBI gene ID based annotations about Haliotis rubra	hrgca003918875v1rs	Haliotis rubra	OrgDb	2025-03-21	NCBI/UniProt	36100	org.Haliotis_rubra.eg.sqlite
Haliotis rufenscens	Haliotis rufenscens	AH119808	Haliotis rufenscens	NCBI gene ID based annotations about Haliotis rufenscens	hrgca023055435v1rs	Haliotis rufescens	OrgDb	2025-03-21	NCBI/UniProt	6454	org.Haliotis_rufenscens.eg.sqlite
Halyomorpha halys	Halyomorpha halys (Brown marmorated stink bug, HHAL.00)	NA	NA	NA	hhgca000696795v2rs	Halyomorpha halys	NA	NA	NA	286706	NA
Haplochromis nyererei	Haplochromis nyererei	AH121059	Haplochromis nyererei	NCBI gene ID based annotations about Haplochromis nyererei	pnyererei	Pundamilia nyererei	OrgDb	2025-03-21	NCBI/UniProt	303518	org.Haplochromis_nyererei.eg.sqlite
Harpegnathos saltator	Harpegnathos saltator (Indian jumping ant, DR-91)	NA	NA	NA	hsgca003227715v2rs	Harpegnathos saltator	NA	NA	NA	610380	NA
Harpia harpyja	Harpia harpyja	AH121278	Harpia harpyja	NCBI gene ID based annotations about Harpia harpyja	NA	NA	OrgDb	2025-03-21	NCBI/UniProt	202280	org.Harpia_harpyja.eg.sqlite
Heliangelus exortis	Heliangelus exortis	AH121304	Heliangelus exortis	NCBI gene ID based annotations about Heliangelus exortis	NA	NA	OrgDb	2025-03-21	NCBI/UniProt	472823	org.Heliangelus_exortis.eg.sqlite
Helianthus annuus	Helianthus annuus	AH119587	Helianthus annuus	NCBI gene ID based annotations about Helianthus annuus	hannuus	Helianthus annuus	OrgDb	2025-03-21	NCBI/UniProt	4232	org.Helianthus_annuus.eg.sqlite
Heliconius melpomene	Heliconius melpomene (Postman butterfly)	NA	NA	NA	hmelpomene	Heliconius melpomene	NA	NA	NA	34740	NA
Helicophagus hypophthalmus	Helicophagus hypophthalmus	AH120600	Helicophagus hypophthalmus	NCBI gene ID based annotations about Helicophagus hypophthalmus	NA	NA	OrgDb	2025-03-21	NCBI/UniProt	310915	org.Helicophagus_hypophthalmus.eg.sqlite
Helicoverpa armigera	Helicoverpa armigera (Cotton bollworm, CAAS_96S)	NA	NA	NA	hagca030705265v1rs	Helicoverpa armigera	NA	NA	NA	29058	NA
Helicoverpa zea	Helicoverpa zea (Corn earworm, HzStark_Cry1AcR)	NA	NA	NA	hzgca022581195v1rs	Helicoverpa zea	NA	NA	NA	7113	NA
Heligmosomoides polygyrus	Heligmosomoides polygyrus (PRJEB1203)	NA	NA	NA	hepolyprjeb1203	Heligmosomoides polygyrus	NA	NA	NA	6339	NA
Helobdella robusta	Helobdella robusta	AH121116	Helobdella robusta	NCBI gene ID based annotations about Helobdella robusta	hrobusta	Helobdella robusta	OrgDb	2025-03-21	NCBI/UniProt	6412	org.Helobdella_robusta.eg.sqlite
Helops morio	Helops morio	AH120810	Helops morio	NCBI gene ID based annotations about Helops morio	NA	NA	OrgDb	2025-03-21	NCBI/UniProt	2755281	org.Helops_morio.eg.sqlite
Hemibagrus wyckioides	Hemibagrus wyckioides	AH120617	Hemibagrus wyckioides	NCBI gene ID based annotations about Hemibagrus wyckioides	NA	NA	OrgDb	2025-03-21	NCBI/UniProt	337641	org.Hemibagrus_wyckioides.eg.sqlite
Hemiscyllium ocellatum	Hemiscyllium ocellatum	AH120365	Hemiscyllium ocellatum	NCBI gene ID based annotations about Hemiscyllium ocellatum	NA	NA	OrgDb	2025-03-21	NCBI/UniProt	170820	org.Hemiscyllium_ocellatum.eg.sqlite
Heptranchias perlo	Heptranchias perlo	AH119774	Heptranchias perlo	NCBI gene ID based annotations about Heptranchias perlo	NA	NA	OrgDb	2025-03-21	NCBI/UniProt	212740	org.Heptranchias_perlo.eg.sqlite
Hermetia illucens	Hermetia illucens (Black soldier fly)	NA	NA	NA	higca905115235v1	Hermetia illucens	NA	NA	NA	343691	NA
Herrania umbratica	Herrania umbratica	AH121281	Herrania umbratica	NCBI gene ID based annotations about Herrania umbratica	NA	NA	OrgDb	2025-03-21	NCBI/UniProt	108875	org.Herrania_umbratica.eg.sqlite
Hesperomys eremicus	Hesperomys eremicus	AH120237	Hesperomys eremicus	NCBI gene ID based annotations about Hesperomys eremicus	NA	NA	OrgDb	2025-03-21	NCBI/UniProt	42410	org.Hesperomys_eremicus.eg.sqlite
Hesperomys torridus	Hesperomys torridus	AH120661	Hesperomys torridus	NCBI gene ID based annotations about Hesperomys torridus	NA	NA	OrgDb	2025-03-21	NCBI/UniProt	38674	org.Hesperomys_torridus.eg.sqlite
Heterobilharzia americana	Heterobilharzia americana (TD2PRJEB44434)	NA	NA	NA	td2prjeb44434	Heterobilharzia americana	NA	NA	NA	39320	NA
Heterocephalus glaber	Heterocephalus glaber	AH119984	Heterocephalus glaber	NCBI gene ID based annotations about Heterocephalus glaber	hgfemale	Heterocephalus glaber	OrgDb	2025-03-21	NCBI/UniProt	10181	org.Heterocephalus_glaber.eg.sqlite
Heterodera glycines	Heterodera glycines	NA	NA	NA	heglycprjna381081	Heterodera glycines	NA	NA	NA	51029	NA
Heterodera schachtii	Heterodera schachtii (PRJNA767548)	NA	NA	NA	heschaprjna767548	Heterodera schachtii	NA	NA	NA	97005	NA
Heteronota binoei	Heteronota binoei	AH121000	Heteronota binoei	NCBI gene ID based annotations about Heteronota binoei	NA	NA	OrgDb	2025-03-21	NCBI/UniProt	13085	org.Heteronota_binoei.eg.sqlite
Heteropelma chrysocephalum	Heteropelma chrysocephalum	AH121237	Heteropelma chrysocephalum	NCBI gene ID based annotations about Heteropelma chrysocephalum	NA	NA	OrgDb	2025-03-21	NCBI/UniProt	114329	org.Heteropelma_chrysocephalum.eg.sqlite
Heterorhabditis bacteriophora	Heterorhabditis bacteriophora	AH121717	Heterorhabditis bacteriophora	Genome-wide annotation for Heterorhabditis bacteriophora primarily based on mapping using custom gene identifiers.	hebactprjna13977	Heterorhabditis bacteriophora	OrgDb	2025-06-23	MySQL	37862	org.Hbacteriophora.eg.db
Hevea brasiliensis	Hevea brasiliensis	AH119706	Hevea brasiliensis	NCBI gene ID based annotations about Hevea brasiliensis	NA	NA	OrgDb	2025-03-21	NCBI/UniProt	3981	org.Hevea_brasiliensis.eg.sqlite
Hibiscus syriacus	Hibiscus syriacus	AH119550	Hibiscus syriacus	NCBI gene ID based annotations about Hibiscus syriacus	NA	NA	OrgDb	2025-03-21	NCBI/UniProt	106335	org.Hibiscus_syriacus.eg.sqlite
Hippocampus comes	Hippocampus comes	AH120965	Hippocampus comes	NCBI gene ID based annotations about Hippocampus comes	hcomes	Hippocampus comes	OrgDb	2025-03-21	NCBI/UniProt	109280	org.Hippocampus_comes.eg.sqlite
Hippocampus zosterae	Hippocampus zosterae	AH120608	Hippocampus zosterae	NCBI gene ID based annotations about Hippocampus zosterae	NA	NA	OrgDb	2025-03-21	NCBI/UniProt	109293	org.Hippocampus_zosterae.eg.sqlite
Hippoglossus hippoglossus	Hippoglossus hippoglossus	AH120766	Hippoglossus hippoglossus	NCBI gene ID based annotations about Hippoglossus hippoglossus	NA	NA	OrgDb	2025-03-21	NCBI/UniProt	8267	org.Hippoglossus_hippoglossus.eg.sqlite
Hippoglossus olivaceus	Hippoglossus olivaceus	AH120500	Hippoglossus olivaceus	NCBI gene ID based annotations about Hippoglossus olivaceus	NA	NA	OrgDb	2025-03-21	NCBI/UniProt	8255	org.Hippoglossus_olivaceus.eg.sqlite
Hippoglossus stenolepis	Hippoglossus stenolepis	AH120745	Hippoglossus stenolepis	NCBI gene ID based annotations about Hippoglossus stenolepis	NA	NA	OrgDb	2025-03-21	NCBI/UniProt	195615	org.Hippoglossus_stenolepis.eg.sqlite
Hippopotamus amphibius_kiboko	Hippopotamus amphibius_kiboko	AH120276	Hippopotamus amphibius_kiboko	NCBI gene ID based annotations about Hippopotamus amphibius_kiboko	NA	NA	OrgDb	2025-03-21	NCBI/UniProt	575201	org.Hippopotamus_amphibius_kiboko.eg.sqlite
Hipposideros armiger	Hipposideros armiger	AH120966	Hipposideros armiger	NCBI gene ID based annotations about Hipposideros armiger	NA	NA	OrgDb	2025-03-21	NCBI/UniProt	186990	org.Hipposideros_armiger.eg.sqlite
Hirundo rustica	Hirundo rustica	AH121450	Hirundo rustica	NCBI gene ID based annotations about Hirundo rustica	NA	NA	OrgDb	2025-03-21	NCBI/UniProt	43150	org.Hirundo_rustica.eg.sqlite
Histoplasma ohiense	Histoplasma capsulatum	NA	NA	NA	hcapsulatum	Histoplasma ohiense	NA	NA	NA	2902605	NA
Hofstenia miamia	Hofstenia miamia (Panther worm, MS-H3)	NA	NA	NA	hmiamia	Hofstenia miamia	NA	NA	NA	442651	NA
Holocentrus calcarifer	Holocentrus calcarifer	AH120274	Holocentrus calcarifer	NCBI gene ID based annotations about Holocentrus calcarifer	lcalcarifer	Lates calcarifer	OrgDb	2025-03-21	NCBI/UniProt	8187	org.Holocentrus_calcarifer.eg.sqlite
Holocentrus leopardus	Holocentrus leopardus	AH120606	Holocentrus leopardus	NCBI gene ID based annotations about Holocentrus leopardus	NA	NA	OrgDb	2025-03-21	NCBI/UniProt	160734	org.Holocentrus_leopardus.eg.sqlite
Homalodisca coagulata	Homalodisca coagulata	AH121166	Homalodisca coagulata	NCBI gene ID based annotations about Homalodisca coagulata	hvgca021130785v2rs	Homalodisca vitripennis	OrgDb	2025-03-21	NCBI/UniProt	197043	org.Homalodisca_coagulata.eg.sqlite
Homarus americanus	Homarus americanus	AH120799	Homarus americanus	NCBI gene ID based annotations about Homarus americanus	hagca018991925v1	Homarus americanus	OrgDb	2025-03-21	NCBI/UniProt	6706	org.Homarus_americanus.eg.sqlite
Homarus gammarus	Homarus gammarus (European lobster, reference)	NA	NA	NA	hggca958450375v1	Homarus gammarus	NA	NA	NA	6707	NA
Hordeum sativum	Hordeum sativum	AH119652	Hordeum sativum	NCBI gene ID based annotations about Hordeum sativum	hvgoldenpromise	Hordeum vulgare subsp. vulgare	OrgDb	2025-03-21	NCBI/UniProt	112509	org.Hordeum_sativum.eg.sqlite
Hucho hucho	Huchen	NA	NA	NA	hhucho	Hucho hucho	NA	NA	NA	62062	NA
Humulus lupulus	Humulus lupulus	AH119656	Humulus lupulus	NCBI gene ID based annotations about Humulus lupulus	NA	NA	OrgDb	2025-03-21	NCBI/UniProt	3486	org.Humulus_lupulus.eg.sqlite
Huro salmoides	Huro salmoides	AH119978	Huro salmoides	NCBI gene ID based annotations about Huro salmoides	NA	NA	OrgDb	2025-03-21	NCBI/UniProt	27706	org.Huro_salmoides.eg.sqlite
Hyalomma asiaticum	Hyalomma asiaticum (Hard-bodied tick, Hyas-2018)	NA	NA	NA	hagca013339685v2vb	Hyalomma asiaticum	NA	NA	NA	266040	NA
Hyaloperonospora arabidopsidis Emoy2	Hyaloperonospora arabidopsidis	NA	NA	NA	harabidopsidis	Hyaloperonospora arabidopsidis Emoy2	NA	NA	NA	559515	NA
Hyaloscypha bicolor_E	Hyaloscypha bicolor_E	AH121425	Hyaloscypha bicolor_E	NCBI gene ID based annotations about Hyaloscypha bicolor_E	NA	NA	OrgDb	2025-03-21	NCBI/UniProt	1095630	org.Hyaloscypha_bicolor_E.eg.sqlite
Hydatigera taeniaeformis	Hydatigera taeniaeformis	NA	NA	NA	hytaenprjeb534	Hydatigera taeniaeformis	NA	NA	NA	6205	NA
Hydra attenuata	Hydra attenuata	AH119722	Hydra attenuata	NCBI gene ID based annotations about Hydra attenuata	hvgca022113875v1rs	Hydra vulgaris	OrgDb	2025-03-21	NCBI/UniProt	6087	org.Hydra_attenuata.eg.sqlite
Hydractinia symbiolongicarpus	Hydractinia symbiolongicarpus	AH119703	Hydractinia symbiolongicarpus	NCBI gene ID based annotations about Hydractinia symbiolongicarpus	hsgca029227915v2rs	Hydractinia symbiolongicarpus	OrgDb	2025-03-21	NCBI/UniProt	13093	org.Hydractinia_symbiolongicarpus.eg.sqlite
Hylaeus anthracinus	Hylaeus anthracinus (Anthricinan yellow-faced bee, JK02)	NA	NA	NA	hagca026225885v1rs	Hylaeus anthracinus	NA	NA	NA	313031	NA
Hylaeus volcanicus	Hylaeus volcanicus (Volcano Masked Bee, JK05)	NA	NA	NA	hvgca026283585v1rs	Hylaeus volcanicus	NA	NA	NA	313075	NA
Hylobates concolor_leucogenys	Hylobates concolor_leucogenys	AH120190	Hylobates concolor_leucogenys	NCBI gene ID based annotations about Hylobates concolor_leucogenys	nleucogenys	Nomascus leucogenys	OrgDb	2025-03-21	NCBI/UniProt	61853	org.Hylobates_concolor_leucogenys.eg.sqlite
Hylobates moloch	Hylobates moloch	AH120078	Hylobates moloch	NCBI gene ID based annotations about Hylobates moloch	NA	NA	OrgDb	2025-03-21	NCBI/UniProt	81572	org.Hylobates_moloch.eg.sqlite
Hylobates syndactylus	Hylobates syndactylus	AH119949	Hylobates syndactylus	NCBI gene ID based annotations about Hylobates syndactylus	NA	NA	OrgDb	2025-03-21	NCBI/UniProt	9590	org.Hylobates_syndactylus.eg.sqlite
Hymenolepis diminuta	Hymenolepis diminuta (PRJEB30942)	NA	NA	NA	hydimiprjeb30942	Hymenolepis diminuta	NA	NA	NA	6216	NA
Hymenolepis microstoma	Hymenolepis microstoma	NA	NA	NA	hymicrprjeb124	Hymenolepis microstoma	NA	NA	NA	85433	NA
Hyperolius riggenbachi	Hyperolius riggenbachi	AH119610	Hyperolius riggenbachi	NCBI gene ID based annotations about Hyperolius riggenbachi	NA	NA	OrgDb	2025-03-21	NCBI/UniProt	752182	org.Hyperolius_riggenbachi.eg.sqlite
Hypomesus transpacificus	Hypomesus transpacificus	AH120774	Hypomesus transpacificus	NCBI gene ID based annotations about Hypomesus transpacificus	NA	NA	OrgDb	2025-03-21	NCBI/UniProt	137520	org.Hypomesus_transpacificus.eg.sqlite
Hypsibius exemplaris	Hypsibius exemplaris (Water bear tardigrade, Z151)	NA	NA	NA	hegca002082055v1	Hypsibius exemplaris	NA	NA	NA	2072580	NA
Hypudaeus ochrogaster	Hypudaeus ochrogaster	AH120906	Hypudaeus ochrogaster	NCBI gene ID based annotations about Hypudaeus ochrogaster	mochrogaster	Microtus ochrogaster	OrgDb	2025-03-21	NCBI/UniProt	79684	org.Hypudaeus_ochrogaster.eg.sqlite
Ichneumon xanthorius	Ichneumon xanthorius (Ichneumon Wasp, reference)	NA	NA	NA	ixgca917499995v1	Ichneumon xanthorius	NA	NA	NA	2795680	NA
Ictalurus furcatus	Ictalurus furcatus	AH120860	Ictalurus furcatus	NCBI gene ID based annotations about Ictalurus furcatus	NA	NA	OrgDb	2025-03-21	NCBI/UniProt	66913	org.Ictalurus_furcatus.eg.sqlite
Ictalurus punctatus	Ictalurus punctatus	AH120301	Ictalurus punctatus	NCBI gene ID based annotations about Ictalurus punctatus	ipunctatus	Ictalurus punctatus	OrgDb	2025-03-21	NCBI/UniProt	7998	org.Ictalurus_punctatus.eg.sqlite
Ilyonectria robusta	Ilyonectria robusta	AH121282	Ilyonectria robusta	NCBI gene ID based annotations about Ilyonectria robusta	NA	NA	OrgDb	2025-03-21	NCBI/UniProt	1079257	org.Ilyonectria_robusta.eg.sqlite
Impatiens glandulifera	Impatiens glandulifera	AH120012	Impatiens glandulifera	NCBI gene ID based annotations about Impatiens glandulifera	NA	NA	OrgDb	2025-03-21	NCBI/UniProt	253017	org.Impatiens_glandulifera.eg.sqlite
Ipomoea triloba	Ipomoea triloba	AH119942	Ipomoea triloba	NCBI gene ID based annotations about Ipomoea triloba	itriloba	Ipomoea triloba	OrgDb	2025-03-21	NCBI/UniProt	35885	org.Ipomoea_triloba.eg.sqlite
Ischnura elegans	Ischnura elegans	AH121256	Ischnura elegans	NCBI gene ID based annotations about Ischnura elegans	iegca921293095v1rs	Ischnura elegans	OrgDb	2025-03-21	NCBI/UniProt	197161	org.Ischnura_elegans.eg.sqlite
Ixodes dammini	Ixodes dammini	AH119935	Ixodes dammini	NCBI gene ID based annotations about Ixodes dammini	iscapularis	Ixodes scapularis	OrgDb	2025-03-21	NCBI/UniProt	6945	org.Ixodes_dammini.eg.sqlite
Ixodes persulcatus	Ixodes persulcatus - (Taiga tick)	NA	NA	NA	ipgca013358835v2vb	Ixodes persulcatus	NA	NA	NA	34615	NA
Ixodes sanguineus	Ixodes sanguineus	AH120277	Ixodes sanguineus	NCBI gene ID based annotations about Ixodes sanguineus	rsgca013339695v2rs	Rhipicephalus sanguineus	OrgDb	2025-03-21	NCBI/UniProt	34632	org.Ixodes_sanguineus.eg.sqlite
Jaculus jaculus	Jaculus jaculus	AH120096	Jaculus jaculus	NCBI gene ID based annotations about Jaculus jaculus	jjaculus	Jaculus jaculus	OrgDb	2025-03-21	NCBI/UniProt	51337	org.Jaculus_jaculus.eg.sqlite
Jatropha curcas	Jatropha curcas	AH121155	Jatropha curcas	NCBI gene ID based annotations about Jatropha curcas	NA	NA	OrgDb	2025-03-21	NCBI/UniProt	180498	org.Jatropha_curcas.eg.sqlite
Juglans microcarpa_x_Juglans_regia	Juglans microcarpa_x_Juglans_regia	AH120113	Juglans microcarpa_x_Juglans_regia	NCBI gene ID based annotations about Juglans microcarpa_x_Juglans_regia	NA	NA	OrgDb	2025-03-21	NCBI/UniProt	2249226	org.Juglans_microcarpa_x_Juglans_regia.eg.sqlite
Juglans regia	Juglans regia	AH119962	Juglans regia	NCBI gene ID based annotations about Juglans regia	jregia	Juglans regia	OrgDb	2025-03-21	NCBI/UniProt	51240	org.Juglans_regia.eg.sqlite
Kalanchoe fedtschenkoi	Kalanchoe fedtschenkoi	NA	NA	NA	kfedtschenkoi	Kalanchoe fedtschenkoi	NA	NA	NA	63787	NA
Koerneria luziae	Koerneria luziae	NA	NA	NA	koluziprjna655932	Koerneria luziae	NA	NA	NA	912562	NA
Kogia breviceps	Kogia breviceps	AH120694	Kogia breviceps	NCBI gene ID based annotations about Kogia breviceps	NA	NA	OrgDb	2025-03-21	NCBI/UniProt	27615	org.Kogia_breviceps.eg.sqlite
Komagataella phaffii GS115	Komagataella pastoris	NA	NA	NA	kpastoris	Komagataella phaffii GS115	NA	NA	NA	644223	NA
Kryptolebias marmoratus	Kryptolebias marmoratus	AH121007	Kryptolebias marmoratus	NCBI gene ID based annotations about Kryptolebias marmoratus	kmarmoratus	Kryptolebias marmoratus	OrgDb	2025-03-21	NCBI/UniProt	37003	org.Kryptolebias_marmoratus.eg.sqlite
Kungiselaginella moellendorffii	Kungiselaginella moellendorffii	AH119963	Kungiselaginella moellendorffii	NCBI gene ID based annotations about Kungiselaginella moellendorffii	smoellendorffii	Selaginella moellendorffii	OrgDb	2025-03-21	NCBI/UniProt	88036	org.Kungiselaginella_moellendorffii.eg.sqlite
Labrus bergylta	Labrus bergylta	AH120426	Labrus bergylta	NCBI gene ID based annotations about Labrus bergylta	lbergylta	Labrus bergylta	OrgDb	2025-03-21	NCBI/UniProt	56723	org.Labrus_bergylta.eg.sqlite
Labrus celidotus	Labrus celidotus	AH120715	Labrus celidotus	NCBI gene ID based annotations about Labrus celidotus	NA	NA	OrgDb	2025-03-21	NCBI/UniProt	1203425	org.Labrus_celidotus.eg.sqlite
Labrus mixtus	Labrus mixtus	AH119836	Labrus mixtus	NCBI gene ID based annotations about Labrus mixtus	NA	NA	OrgDb	2025-03-21	NCBI/UniProt	508554	org.Labrus_mixtus.eg.sqlite
Laccaria bicolor_S238N-H82	Laccaria bicolor_S238N-H82	AH121459	Laccaria bicolor_S238N-H82	NCBI gene ID based annotations about Laccaria bicolor_S238N-H82	NA	NA	OrgDb	2025-03-21	NCBI/UniProt	486041	org.Laccaria_bicolor_S238N-H82.eg.sqlite
Lacerta agilis	Lacerta agilis	AH121129	Lacerta agilis	NCBI gene ID based annotations about Lacerta agilis	NA	NA	OrgDb	2025-03-21	NCBI/UniProt	80427	org.Lacerta_agilis.eg.sqlite
Lacerta scincoides	Lacerta scincoides	AH120527	Lacerta scincoides	NCBI gene ID based annotations about Lacerta scincoides	NA	NA	OrgDb	2025-03-21	NCBI/UniProt	71010	org.Lacerta_scincoides.eg.sqlite
Lacerta sicula_raffonei	Lacerta sicula_raffonei	AH120933	Lacerta sicula_raffonei	NCBI gene ID based annotations about Lacerta sicula_raffonei	NA	NA	OrgDb	2025-03-21	NCBI/UniProt	65483	org.Lacerta_sicula_raffonei.eg.sqlite
Lacerta vivipara	Lacerta vivipara	AH121153	Lacerta vivipara	NCBI gene ID based annotations about Lacerta vivipara	NA	NA	OrgDb	2025-03-21	NCBI/UniProt	8524	org.Lacerta_vivipara.eg.sqlite
Lactuca sativa	Lactuca sativa	AH119700	Lactuca sativa	NCBI gene ID based annotations about Lactuca sativa	lsativa	Lactuca sativa	OrgDb	2025-03-21	NCBI/UniProt	4236	org.Lactuca_sativa.eg.sqlite
Lagenorhynchus albirostris	Lagenorhynchus albirostris	AH120701	Lagenorhynchus albirostris	NCBI gene ID based annotations about Lagenorhynchus albirostris	NA	NA	OrgDb	2025-03-21	NCBI/UniProt	27610	org.Lagenorhynchus_albirostris.eg.sqlite
Lagenorhynchus obliquidens	Lagenorhynchus obliquidens	AH120668	Lagenorhynchus obliquidens	NCBI gene ID based annotations about Lagenorhynchus obliquidens	NA	NA	OrgDb	2025-03-21	NCBI/UniProt	3371155	org.Lagenorhynchus_obliquidens.eg.sqlite
Lagomys curzoniae	Lagomys curzoniae	AH120736	Lagomys curzoniae	NCBI gene ID based annotations about Lagomys curzoniae	NA	NA	OrgDb	2025-03-21	NCBI/UniProt	130825	org.Lagomys_curzoniae.eg.sqlite
Lagopus leucura	Lagopus leucura	AH121365	Lagopus leucura	NCBI gene ID based annotations about Lagopus leucura	NA	NA	OrgDb	2025-03-21	NCBI/UniProt	30410	org.Lagopus_leucura.eg.sqlite
Lagopus muta	Lagopus muta	AH121310	Lagopus muta	NCBI gene ID based annotations about Lagopus muta	NA	NA	OrgDb	2025-03-21	NCBI/UniProt	64668	org.Lagopus_muta.eg.sqlite
Lampetra reissneri	Lampetra reissneri	AH121069	Lampetra reissneri	NCBI gene ID based annotations about Lampetra reissneri	NA	NA	OrgDb	2025-03-21	NCBI/UniProt	7753	org.Lampetra_reissneri.eg.sqlite
Lampris incognitus	Lampris incognitus	AH120763	Lampris incognitus	NCBI gene ID based annotations about Lampris incognitus	NA	NA	OrgDb	2025-03-21	NCBI/UniProt	2546036	org.Lampris_incognitus.eg.sqlite
Lamprologus brichardi	Lamprologus brichardi	AH120922	Lamprologus brichardi	NCBI gene ID based annotations about Lamprologus brichardi	nbrichardi	Neolamprologus brichardi	OrgDb	2025-03-21	NCBI/UniProt	32507	org.Lamprologus_brichardi.eg.sqlite
Lampyris pyralis	Lampyris pyralis	AH121054	Lampyris pyralis	NCBI gene ID based annotations about Lampyris pyralis	ppgca008802855v1rs	Photinus pyralis	OrgDb	2025-03-21	NCBI/UniProt	7054	org.Lampyris_pyralis.eg.sqlite
Larimichthys crocea	Larimichthys crocea	AH120802	Larimichthys crocea	NCBI gene ID based annotations about Larimichthys crocea	lcrocea	Larimichthys crocea	OrgDb	2025-03-21	NCBI/UniProt	215358	org.Larimichthys_crocea.eg.sqlite
Larus tridactylus	Larus tridactylus	AH121349	Larus tridactylus	NCBI gene ID based annotations about Larus tridactylus	NA	NA	OrgDb	2025-03-21	NCBI/UniProt	75485	org.Larus_tridactylus.eg.sqlite
Lathamus discolor	Lathamus discolor	AH121241	Lathamus discolor	NCBI gene ID based annotations about Lathamus discolor	NA	NA	OrgDb	2025-03-21	NCBI/UniProt	678569	org.Lathamus_discolor.eg.sqlite
Laticauda laticaudata	Blue-ringed sea krait	NA	NA	NA	llaticaudata	Laticauda laticaudata	NA	NA	NA	8630	NA
Latimeria chalumnae	Latimeria chalumnae	AH120657	Latimeria chalumnae	NCBI gene ID based annotations about Latimeria chalumnae	lchalumnae	Latimeria chalumnae	OrgDb	2025-03-21	NCBI/UniProt	7897	org.Latimeria_chalumnae.eg.sqlite
Leersia perrieri	Leersia perrieri	NA	NA	NA	lperrieri	Leersia perrieri	NA	NA	NA	77586	NA
Leishmania major strain Friedlin	Leishmania major	NA	NA	NA	lmajor	Leishmania major strain Friedlin	NA	NA	NA	347515	NA
Lemur catta	Lemur catta	AH120470	Lemur catta	NCBI gene ID based annotations about Lemur catta	NA	NA	OrgDb	2025-03-21	NCBI/UniProt	9447	org.Lemur_catta.eg.sqlite
Lepidosiren annectens	Lepidosiren annectens	AH120493	Lepidosiren annectens	NCBI gene ID based annotations about Lepidosiren annectens	NA	NA	OrgDb	2025-03-21	NCBI/UniProt	7888	org.Lepidosiren_annectens.eg.sqlite
Lepidosternon floridanum	Lepidosternon floridanum	AH120754	Lepidosternon floridanum	NCBI gene ID based annotations about Lepidosternon floridanum	NA	NA	OrgDb	2025-03-21	NCBI/UniProt	261503	org.Lepidosternon_floridanum.eg.sqlite
Lepisosteus oculatus	Lepisosteus oculatus	AH119727	Lepisosteus oculatus	NCBI gene ID based annotations about Lepisosteus oculatus	loculatus	Lepisosteus oculatus	OrgDb	2025-03-21	NCBI/UniProt	7918	org.Lepisosteus_oculatus.eg.sqlite
Leptinotarsa decemlineata	Leptinotarsa decemlineata (Colorado potato beetle, Imidocloprid resistant)	NA	NA	NA	ldgca000500325v2	Leptinotarsa decemlineata	NA	NA	NA	7539	NA
Leptobrachium leishanense	Leishan spiny toad	NA	NA	NA	lleishanense	Leptobrachium leishanense	NA	NA	NA	445787	NA
Leptonychotes weddellii	Leptonychotes weddellii	AH120256	Leptonychotes weddellii	NCBI gene ID based annotations about Leptonychotes weddellii	NA	NA	OrgDb	2025-03-21	NCBI/UniProt	9713	org.Leptonychotes_weddellii.eg.sqlite
Leptothorax nylanderi	Leptothorax nylanderi	AH121321	Leptothorax nylanderi	NCBI gene ID based annotations about Leptothorax nylanderi	NA	NA	OrgDb	2025-03-21	NCBI/UniProt	102681	org.Leptothorax_nylanderi.eg.sqlite
Leptotrombidium deliense	Leptotrombidium deliense (Harvest mite, UoL-UT)	NA	NA	NA	ldeliense	Leptotrombidium deliense	NA	NA	NA	299467	NA
Lepus capensis_europaeus	Lepus capensis_europaeus	AH120474	Lepus capensis_europaeus	NCBI gene ID based annotations about Lepus capensis_europaeus	NA	NA	OrgDb	2025-03-21	NCBI/UniProt	9983	org.Lepus_capensis_europaeus.eg.sqlite
Lepus cuniculus	Lepus cuniculus	AH119927	Lepus cuniculus	NCBI gene ID based annotations about Lepus cuniculus	ocuniculus	Oryctolagus cuniculus	OrgDb	2025-03-21	NCBI/UniProt	9986	org.Lepus_cuniculus.eg.sqlite
Leuciscus parvus	Leuciscus parvus	AH119657	Leuciscus parvus	NCBI gene ID based annotations about Leuciscus parvus	NA	NA	OrgDb	2025-03-21	NCBI/UniProt	51549	org.Leuciscus_parvus.eg.sqlite
Leucoraja erinaceus	Leucoraja erinaceus	AH121122	Leucoraja erinaceus	NCBI gene ID based annotations about Leucoraja erinaceus	NA	NA	OrgDb	2025-03-21	NCBI/UniProt	7782	org.Leucoraja_erinaceus.eg.sqlite
Levipalatum texanum	Levipalatum texanum	NA	NA	NA	letexaprjna655932	Levipalatum texanum	NA	NA	NA	1486449	NA
Limanda limanda	Limanda limanda	AH120251	Limanda limanda	NCBI gene ID based annotations about Limanda limanda	NA	NA	OrgDb	2025-03-21	NCBI/UniProt	27771	org.Limanda_limanda.eg.sqlite
Limia formosa	Limia formosa	AH120355	Limia formosa	NCBI gene ID based annotations about Limia formosa	pformosa	Poecilia formosa	OrgDb	2025-03-21	NCBI/UniProt	48698	org.Limia_formosa.eg.sqlite
Limnephilus lunatus	Limnephilus lunatus (Caddisflies, reference)	NA	NA	NA	llgca917563855v2	Limnephilus lunatus	NA	NA	NA	1218281	NA
Limnephilus marmoratus	Limnephilus marmoratus (Caddisflies, reference)	NA	NA	NA	lmgca917880885v1	Limnephilus marmoratus	NA	NA	NA	1271730	NA
Limnephilus rhombicus	Limnephilus rhombicus (Caddisflies, reference)	NA	NA	NA	lrgca929108145v2	Limnephilus rhombicus	NA	NA	NA	692089	NA
Limnoperna fortunei	Limnoperna fortunei (Golden mussel, reference)	NA	NA	NA	lfgca944474755v1	Limnoperna fortunei	NA	NA	NA	356393	NA
Limulus polyphemus	Limulus polyphemus	AH120813	Limulus polyphemus	NCBI gene ID based annotations about Limulus polyphemus	lpgca000517525v1	Limulus polyphemus	OrgDb	2025-03-21	NCBI/UniProt	6850	org.Limulus_polyphemus.eg.sqlite
Linepithema humile	Linepithema humile (Argentine ant, Giens D197)	NA	NA	NA	lhgca040581485v1rs	Linepithema humile	NA	NA	NA	83485	NA
Lingula anatina	Lingula anatina	AH120543	Lingula anatina	NCBI gene ID based annotations about Lingula anatina	lagca001039355v2	Lingula anatina	OrgDb	2025-03-21	NCBI/UniProt	7574	org.Lingula_anatina.eg.sqlite
Linhomoeus sp. GSCO2_2	Linhomoeus gsco22	NA	NA	NA	ligscoprjna953805	Linhomoeus sp. GSCO2_2	NA	NA	NA	3043724	NA
Lipotes vexillifer	Lipotes vexillifer	AH121182	Lipotes vexillifer	NCBI gene ID based annotations about Lipotes vexillifer	NA	NA	OrgDb	2025-03-21	NCBI/UniProt	118797	org.Lipotes_vexillifer.eg.sqlite
Lipurus cinereus	Lipurus cinereus	AH120332	Lipurus cinereus	NCBI gene ID based annotations about Lipurus cinereus	pcinereus	Phascolarctos cinereus	OrgDb	2025-03-21	NCBI/UniProt	38626	org.Lipurus_cinereus.eg.sqlite
Litomosoides sigmodontis	Litomosoides sigmodontis	NA	NA	NA	lisigmprjeb3075	Litomosoides sigmodontis	NA	NA	NA	42156	NA
Litopenaeus vannamei	Litopenaeus vannamei	AH120739	Litopenaeus vannamei	NCBI gene ID based annotations about Litopenaeus vannamei	pvgca003789085v1	Penaeus vannamei	OrgDb	2025-03-21	NCBI/UniProt	6689	org.Litopenaeus_vannamei.eg.sqlite
Littorina saxatilis	Littorina saxatilis	AH119940	Littorina saxatilis	NCBI gene ID based annotations about Littorina saxatilis	NA	NA	OrgDb	2025-03-21	NCBI/UniProt	31220	org.Littorina_saxatilis.eg.sqlite
Loa loa	Loa loa (PRJNA37757)	NA	NA	NA	loloaprjna37757	Loa loa	NA	NA	NA	7209	NA
Lolium rigidum	Lolium rigidum	AH119622	Lolium rigidum	NCBI gene ID based annotations about Lolium rigidum	NA	NA	OrgDb	2025-03-21	NCBI/UniProt	89674	org.Lolium_rigidum.eg.sqlite
Lonchura domestica	Lonchura domestica	AH121416	Lonchura domestica	NCBI gene ID based annotations about Lonchura domestica	NA	NA	OrgDb	2025-03-21	NCBI/UniProt	40157	org.Lonchura_domestica.eg.sqlite
Lontra canadensis	Lontra canadensis	AH120659	Lontra canadensis	NCBI gene ID based annotations about Lontra canadensis	NA	NA	OrgDb	2025-03-21	NCBI/UniProt	76717	org.Lontra_canadensis.eg.sqlite
Lottia gigantea	Lottia gigantea	AH121103	Lottia gigantea	NCBI gene ID based annotations about Lottia gigantea	lgigantea	Lottia gigantea	OrgDb	2025-03-21	NCBI/UniProt	225164	org.Lottia_gigantea.eg.sqlite
Lotus corniculatus_var._japonicus	Lotus corniculatus_var._japonicus	AH119872	Lotus corniculatus_var._japonicus	NCBI gene ID based annotations about Lotus corniculatus_var._japonicus	NA	NA	OrgDb	2025-03-21	NCBI/UniProt	34305	org.Lotus_corniculatus_var._japonicus.eg.sqlite
Lucilia cuprina	Lucilia cuprina (Australian sheep blowfly, Lc7/37)	NA	NA	NA	lcgca022045245v1rs	Lucilia cuprina	NA	NA	NA	7375	NA
Lucilia sericata	Lucilia sericata	NA	NA	NA	lsgca015586225v1rs	Lucilia sericata	NA	NA	NA	13632	NA
Lucioperca lucioperca	Lucioperca lucioperca	AH120213	Lucioperca lucioperca	NCBI gene ID based annotations about Lucioperca lucioperca	slucioperca	Sander lucioperca	OrgDb	2025-03-21	NCBI/UniProt	283035	org.Lucioperca_lucioperca.eg.sqlite
Lupinus angustifolius	Lupinus angustifolius	AH119937	Lupinus angustifolius	NCBI gene ID based annotations about Lupinus angustifolius	langustifolius	Lupinus angustifolius	OrgDb	2025-03-21	NCBI/UniProt	3871	org.Lupinus_angustifolius.eg.sqlite
Lutra lutra	Lutra lutra	AH120322	Lutra lutra	NCBI gene ID based annotations about Lutra lutra	NA	NA	OrgDb	2025-03-21	NCBI/UniProt	9657	org.Lutra_lutra.eg.sqlite
Lutzomyia longipalpis	Lutzomyia longipalpis (Sand fly, Jacobina)	NA	NA	NA	llongipalpis	Lutzomyia longipalpis	NA	NA	NA	7200	NA
Lycium barbarum	Lycium barbarum	AH119746	Lycium barbarum	NCBI gene ID based annotations about Lycium barbarum	NA	NA	OrgDb	2025-03-21	NCBI/UniProt	112863	org.Lycium_barbarum.eg.sqlite
Lycium ferocissimum	Lycium ferocissimum	AH119885	Lycium ferocissimum	NCBI gene ID based annotations about Lycium ferocissimum	NA	NA	OrgDb	2025-03-21	NCBI/UniProt	112874	org.Lycium_ferocissimum.eg.sqlite
Lycopersicon esculentum	Lycopersicon esculentum	AH119844	Lycopersicon esculentum	NCBI gene ID based annotations about Lycopersicon esculentum	slycopersicum	Solanum lycopersicum	OrgDb	2025-03-21	NCBI/UniProt	4081	org.Lycopersicon_esculentum.eg.sqlite
Lycopersicon pennellii_(Correll)_D'Arcy,_1982	Lycopersicon pennellii_(Correll)_D'Arcy,_1982	AH120171	Lycopersicon pennellii_(Correll)_D'Arcy,_1982	NCBI gene ID based annotations about Lycopersicon pennellii_(Correll)_D'Arcy,_1982	NA	NA	OrgDb	2025-03-21	NCBI/UniProt	28526	org.Lycopersicon_pennellii_(Correll)_D'Arcy,_1982.eg.sqlite
Lytechinus pictus	Lytechinus pictus	AH120993	Lytechinus pictus	NCBI gene ID based annotations about Lytechinus pictus	lpgca015342785v2rs	Lytechinus pictus	OrgDb	2025-03-21	NCBI/UniProt	7653	org.Lytechinus_pictus.eg.sqlite
Macaca cynomolgus	Macaca cynomolgus	AH119899	Macaca cynomolgus	NCBI gene ID based annotations about Macaca cynomolgus	mfascicularis	Macaca fascicularis	OrgDb	2025-03-21	NCBI/UniProt	9541	org.Macaca_cynomolgus.eg.sqlite
Macaca mulatta	Macaca mulatta	AH121957	Macaca mulatta	NCBI gene ID based annotations about Macaca mulatta	mmulatta	Macaca mulatta	OrgDb	2025-10-29	NCBI/ensembl	9544	org.Mmu.eg.db.sqlite
Macaca nemestrina	Macaca nemestrina	AH119824	Macaca nemestrina	NCBI gene ID based annotations about Macaca nemestrina	mnemestrina	Macaca nemestrina	OrgDb	2025-03-21	NCBI/UniProt	9545	org.Macaca_nemestrina.eg.sqlite
Macaca thibetana_thibetana	Macaca thibetana_thibetana	AH120085	Macaca thibetana_thibetana	NCBI gene ID based annotations about Macaca thibetana_thibetana	NA	NA	OrgDb	2025-03-21	NCBI/UniProt	257877	org.Macaca_thibetana_thibetana.eg.sqlite
Macadamia integrifolia	Macadamia integrifolia	AH119958	Macadamia integrifolia	NCBI gene ID based annotations about Macadamia integrifolia	NA	NA	OrgDb	2025-03-21	NCBI/UniProt	60698	org.Macadamia_integrifolia.eg.sqlite
Machimus atricapillus	Machimus atricapillus (Kite-tailed Robberfly, reference)	NA	NA	NA	magca933228815v1	Machimus atricapillus	NA	NA	NA	2794001	NA
Macrobrachium dacqueti_(Sunier,_1925)	Macrobrachium dacqueti_(Sunier,_1925)	AH120391	Macrobrachium dacqueti_(Sunier,_1925)	NCBI gene ID based annotations about Macrobrachium dacqueti_(Sunier,_1925)	NA	NA	OrgDb	2025-03-21	NCBI/UniProt	79674	org.Macrobrachium_dacqueti_(Sunier,_1925).eg.sqlite
Macrobrachium nipponense	Macrobrachium nipponense	AH120314	Macrobrachium nipponense	NCBI gene ID based annotations about Macrobrachium nipponense	mngca015104395v2rs	Macrobrachium nipponense	OrgDb	2025-03-21	NCBI/UniProt	159736	org.Macrobrachium_nipponense.eg.sqlite
Macrognathus armatus	Macrognathus armatus	AH121025	Macrognathus armatus	NCBI gene ID based annotations about Macrognathus armatus	marmatus	Mastacembelus armatus	OrgDb	2025-03-21	NCBI/UniProt	205130	org.Macrognathus_armatus.eg.sqlite
Macrorhinus angustirostris	Macrorhinus angustirostris	AH120358	Macrorhinus angustirostris	NCBI gene ID based annotations about Macrorhinus angustirostris	NA	NA	OrgDb	2025-03-21	NCBI/UniProt	9716	org.Macrorhinus_angustirostris.eg.sqlite
Macrosteles (Macrosteles)_quadrilineatus	Macrosteles (Macrosteles)_quadrilineatus	AH121067	Macrosteles (Macrosteles)_quadrilineatus	NCBI gene ID based annotations about Macrosteles (Macrosteles)_quadrilineatus	mqgca028750875v1rs	Macrosteles quadrilineatus	OrgDb	2025-03-21	NCBI/UniProt	74068	org.Macrosteles_(Macrosteles)_quadrilineatus.eg.sqlite
Macrostomum lignano	Macrostomum lignano (PRJNA284736)	NA	NA	NA	malignprjna284736	Macrostomum lignano	NA	NA	NA	282301	NA
Madrepora faveolata	Madrepora faveolata	AH120552	Madrepora faveolata	NCBI gene ID based annotations about Madrepora faveolata	ofgca002042975v1	Orbicella faveolata	OrgDb	2025-03-21	NCBI/UniProt	48498	org.Madrepora_faveolata.eg.sqlite
Madrepora foliosa	Madrepora foliosa	AH119770	Madrepora foliosa	NCBI gene ID based annotations about Madrepora foliosa	NA	NA	OrgDb	2025-03-21	NCBI/UniProt	591990	org.Madrepora_foliosa.eg.sqlite
Madrepora verrucosa	Madrepora verrucosa	AH120271	Madrepora verrucosa	NCBI gene ID based annotations about Madrepora verrucosa	NA	NA	OrgDb	2025-03-21	NCBI/UniProt	203993	org.Madrepora_verrucosa.eg.sqlite
Magnaporthiopsis poae ATCC 64411	Magnaporthe poae	NA	NA	NA	mpoae	Magnaporthiopsis poae ATCC 64411	NA	NA	NA	644358	NA
Magnolia sinica	Magnolia sinica	AH119840	Magnolia sinica	NCBI gene ID based annotations about Magnolia sinica	NA	NA	OrgDb	2025-03-21	NCBI/UniProt	86752	org.Magnolia_sinica.eg.sqlite
Malania oleifera	Malania oleifera	AH120997	Malania oleifera	NCBI gene ID based annotations about Malania oleifera	NA	NA	OrgDb	2025-03-21	NCBI/UniProt	397392	org.Malania_oleifera.eg.sqlite
Malaya genurostris	Malaya genurostris (Mosquitos, Urasoe2022)	NA	NA	NA	mggca030247185v2rs	Malaya genurostris	NA	NA	NA	325434	NA
Malus communis	Malus communis	AH119691	Malus communis	NCBI gene ID based annotations about Malus communis	mdgolden	Malus domestica	OrgDb	2025-03-21	NCBI/UniProt	3750	org.Malus_communis.eg.sqlite
Malus sylvestris	Malus sylvestris	AH119684	Malus sylvestris	NCBI gene ID based annotations about Malus sylvestris	NA	NA	OrgDb	2025-03-21	NCBI/UniProt	3752	org.Malus_sylvestris.eg.sqlite
Manacus candei	Manacus candei	AH121216	Manacus candei	NCBI gene ID based annotations about Manacus candei	NA	NA	OrgDb	2025-03-21	NCBI/UniProt	415023	org.Manacus_candei.eg.sqlite
Manatus latirostris	Manatus latirostris	AH121021	Manatus latirostris	NCBI gene ID based annotations about Manatus latirostris	NA	NA	OrgDb	2025-03-21	NCBI/UniProt	127582	org.Manatus_latirostris.eg.sqlite
Mandrillus leucophaeus	Mandrillus leucophaeus	AH120750	Mandrillus leucophaeus	NCBI gene ID based annotations about Mandrillus leucophaeus	mleucophaeus	Mandrillus leucophaeus	OrgDb	2025-03-21	NCBI/UniProt	9568	org.Mandrillus_leucophaeus.eg.sqlite
Manduca sexta	Manduca sexta	AH121336	Manduca sexta	NCBI gene ID based annotations about Manduca sexta	msgca014839805v1rs	Manduca sexta	OrgDb	2025-03-21	NCBI/UniProt	7130	org.Manduca_sexta.eg.sqlite
Mangifera indica	Mangifera indica	AH119946	Mangifera indica	NCBI gene ID based annotations about Mangifera indica	NA	NA	OrgDb	2025-03-21	NCBI/UniProt	29780	org.Mangifera_indica.eg.sqlite
Manihot esculenta	Manihot esculenta	AH120165	Manihot esculenta	NCBI gene ID based annotations about Manihot esculenta	mesculenta	Manihot esculenta	OrgDb	2025-03-21	NCBI/UniProt	3983	org.Manihot_esculenta.eg.sqlite
Manis afer_afer	Manis afer_afer	AH121120	Manis afer_afer	NCBI gene ID based annotations about Manis afer_afer	NA	NA	OrgDb	2025-03-21	NCBI/UniProt	1230840	org.Manis_afer_afer.eg.sqlite
Manis javanica	Manis javanica	AH120633	Manis javanica	NCBI gene ID based annotations about Manis javanica	NA	NA	OrgDb	2025-03-21	NCBI/UniProt	9974	org.Manis_javanica.eg.sqlite
Manis pentadactyla	Manis pentadactyla	AH120428	Manis pentadactyla	NCBI gene ID based annotations about Manis pentadactyla	NA	NA	OrgDb	2025-03-21	NCBI/UniProt	143292	org.Manis_pentadactyla.eg.sqlite
Marchantia polymorpha	Marchantia polymorpha	NA	NA	NA	mpolymorpha	Marchantia polymorpha	NA	NA	NA	3197	NA
Marmota marmota marmota	Alpine marmot	NA	NA	NA	mmmarmota	Marmota marmota marmota	NA	NA	NA	9994	NA
Marmota monax	Marmota monax	AH120114	Marmota monax	NCBI gene ID based annotations about Marmota monax	NA	NA	OrgDb	2025-03-21	NCBI/UniProt	9995	org.Marmota_monax.eg.sqlite
Marsupenaeus japonicus	Marsupenaeus japonicus	AH120945	Marsupenaeus japonicus	NCBI gene ID based annotations about Marsupenaeus japonicus	pjgca017312705v1	Penaeus japonicus	OrgDb	2025-03-21	NCBI/UniProt	27405	org.Marsupenaeus_japonicus.eg.sqlite
Mastomys coucha	Mastomys coucha	AH120010	Mastomys coucha	NCBI gene ID based annotations about Mastomys coucha	NA	NA	OrgDb	2025-03-21	NCBI/UniProt	35658	org.Mastomys_coucha.eg.sqlite
Mayetiola destructor	Mayetiola destructor (Hessian fly, Kansas Great Plain)	NA	NA	NA	mdestructor	Mayetiola destructor	NA	NA	NA	39758	NA
Maylandia callainos	Maylandia callainos	AH120291	Maylandia callainos	NCBI gene ID based annotations about Maylandia callainos	mzebra	Maylandia zebra	OrgDb	2025-03-21	NCBI/UniProt	106582	org.Maylandia_callainos.eg.sqlite
Medicago truncatula	Medicago truncatula	AH119904	Medicago truncatula	NCBI gene ID based annotations about Medicago truncatula	mtruncatula	Medicago truncatula	OrgDb	2025-03-21	NCBI/UniProt	3880	org.Medicago_truncatula.eg.sqlite
Megachile rotundata	Megachile rotundata (Alfalfa leafcutting bee)	NA	NA	NA	mrgca000220905v1rs	Megachile rotundata	NA	NA	NA	143995	NA
Megalobrama amblycephala	Megalobrama amblycephala	AH119959	Megalobrama amblycephala	NCBI gene ID based annotations about Megalobrama amblycephala	NA	NA	OrgDb	2025-03-21	NCBI/UniProt	75352	org.Megalobrama_amblycephala.eg.sqlite
Megarhinus septentrionalis	Megarhinus septentrionalis	AH121229	Megarhinus septentrionalis	NCBI gene ID based annotations about Megarhinus septentrionalis	trgca029784135v1rs	Toxorhynchites rutilus septentrionalis	OrgDb	2025-03-21	NCBI/UniProt	329112	org.Megarhinus_septentrionalis.eg.sqlite
Megaselia scalaris	Megaselia scalaris (Coffin fly)	NA	NA	NA	mscalaris	Megaselia scalaris	NA	NA	NA	36166	NA
Melampsora larici-populina 98AG31	Melampsora larici-populina	NA	NA	NA	mlaricipopulina	Melampsora larici-populina 98AG31	NA	NA	NA	747676	NA
Melanaphis sacchari	Melanaphis sacchari (Sugarcane aphid, LSU)	NA	NA	NA	msgca002803265v2rs	Melanaphis sacchari	NA	NA	NA	742174	NA
Melanerpes formicivorus	Melanerpes formicivorus	AH121239	Melanerpes formicivorus	NCBI gene ID based annotations about Melanerpes formicivorus	NA	NA	OrgDb	2025-03-21	NCBI/UniProt	211600	org.Melanerpes_formicivorus.eg.sqlite
Melanotaenia boesemani	Melanotaenia boesemani	AH120620	Melanotaenia boesemani	NCBI gene ID based annotations about Melanotaenia boesemani	NA	NA	OrgDb	2025-03-21	NCBI/UniProt	1250792	org.Melanotaenia_boesemani.eg.sqlite
Meleagris gallopavo	Meleagris gallopavo	AH121057	Meleagris gallopavo	NCBI gene ID based annotations about Meleagris gallopavo	mgallopavo	Meleagris gallopavo	OrgDb	2025-03-21	NCBI/UniProt	9103	org.Meleagris_gallopavo.eg.sqlite
Meles meles	Meles meles	AH120429	Meles meles	NCBI gene ID based annotations about Meles meles	NA	NA	OrgDb	2025-03-21	NCBI/UniProt	9662	org.Meles_meles.eg.sqlite
Melitaea cinxia	Melitaea cinxia (Glanville fritillary, reference)	NA	NA	NA	mcgca905220565v1	Melitaea cinxia	NA	NA	NA	113334	NA
Meloidogyne arenaria	Meloidogyne arenaria (PRJNA438575)	NA	NA	NA	mearenprjna438575	Meloidogyne arenaria	NA	NA	NA	6304	NA
Meloidogyne chitwoodi	Meloidogyne chitwoodi	NA	NA	NA	race1prjna666745	Meloidogyne chitwoodi	NA	NA	NA	59747	NA
Meloidogyne enterolobii	Meloidogyne enterolobii (PRJNA340324)	NA	NA	NA	meenteprjna340324	Meloidogyne enterolobii	NA	NA	NA	390850	NA
Meloidogyne floridensis	Meloidogyne floridensis (PRJNA340324)	NA	NA	NA	meflorprjna340324	Meloidogyne floridensis	NA	NA	NA	298350	NA
Meloidogyne graminicola	Meloidogyne graminicola	NA	NA	NA	megramprjna411966	Meloidogyne graminicola	NA	NA	NA	189291	NA
Meloidogyne hapla	Meloidogyne hapla	NA	NA	NA	mehaplprjna29083	Meloidogyne hapla	NA	NA	NA	6305	NA
Meloidogyne incognita	Meloidogyne incognita (PRJEB8714)	NA	NA	NA	meincoprjeb8714	Meloidogyne incognita	NA	NA	NA	6306	NA
Meloidogyne javanica	Meloidogyne javanica (PRJEB8714)	NA	NA	NA	mejavaprjeb8714	Meloidogyne javanica	NA	NA	NA	6303	NA
Melopsittacus undulatus	Melopsittacus undulatus	AH121426	Melopsittacus undulatus	NCBI gene ID based annotations about Melopsittacus undulatus	NA	NA	OrgDb	2025-03-21	NCBI/UniProt	13146	org.Melopsittacus_undulatus.eg.sqlite
Mercenaria mercenaria	Mercenaria mercenaria	AH119779	Mercenaria mercenaria	NCBI gene ID based annotations about Mercenaria mercenaria	mmgca014805675v2	Mercenaria mercenaria	OrgDb	2025-03-21	NCBI/UniProt	6596	org.Mercenaria_mercenaria.eg.sqlite
Mercurialis ambigua	Mercurialis ambigua	AH120146	Mercurialis ambigua	NCBI gene ID based annotations about Mercurialis ambigua	NA	NA	OrgDb	2025-03-21	NCBI/UniProt	3986	org.Mercurialis_ambigua.eg.sqlite
Meriones unguiculatus	Meriones unguiculatus	AH120134	Meriones unguiculatus	NCBI gene ID based annotations about Meriones unguiculatus	NA	NA	OrgDb	2025-03-21	NCBI/UniProt	10047	org.Meriones_unguiculatus.eg.sqlite
Mesocestoides corti	Mesocestoides corti	NA	NA	NA	mecortprjeb510	Mesocestoides corti	NA	NA	NA	53468	NA
Mesodorylaimus sp. YZB2_4	Mesodorylaimus yzb24	NA	NA	NA	meyzb2prjna953805	Mesodorylaimus sp. YZB2_4	NA	NA	NA	3043728	NA
Mesorhabditis belari	Mesorhabditis belari	NA	NA	NA	mebelaprjeb61636	Mesorhabditis belari	NA	NA	NA	2138241	NA
Mesorhabditis spiculigera	Mesorhabditis spiculigera	NA	NA	NA	mespicprjeb59059	Mesorhabditis spiculigera	NA	NA	NA	96644	NA
Metopolophium dirhodum	Metopolophium dirhodum	AH121235	Metopolophium dirhodum	NCBI gene ID based annotations about Metopolophium dirhodum	NA	NA	OrgDb	2025-03-21	NCBI/UniProt	44670	org.Metopolophium_dirhodum.eg.sqlite
Micoletzkya japonica	Micoletzkya japonica	NA	NA	NA	mijapoprjeb27334	Micoletzkya japonica	NA	NA	NA	1250332	NA
Microbotryum lychnidis-dioicae p1A1 Lamole	Microbotryum violaceum	NA	NA	NA	mviolaceum	Microbotryum lychnidis-dioicae p1A1 Lamole	NA	NA	NA	683840	NA
Microcebus murinus	Microcebus murinus	AH120367	Microcebus murinus	NCBI gene ID based annotations about Microcebus murinus	mmurinus	Microcebus murinus	OrgDb	2025-03-21	NCBI/UniProt	30608	org.Microcebus_murinus.eg.sqlite
Microctonus aethiopoides	Microctonus aethiopoides (Parasitoid wasp, Moroccan)	NA	NA	NA	magca030272655v1cm	Microctonus aethiopoides	NA	NA	NA	144406	NA
Microctonus hyperodae	Microctonus hyperodae (Parasitoid wasp, Lincoln)	NA	NA	NA	mhgca030347285v1cm	Microctonus hyperodae	NA	NA	NA	165561	NA
Microlaimidae sp. YZB2_3	Microlaimidae yzb23	NA	NA	NA	miyzb2prjna953805	Microlaimidae sp. YZB2_3	NA	NA	NA	3043722	NA
Microplitis demolitor	Microplitis demolitor (Parasitoid wasp, Queensland-Clemson2020A)	NA	NA	NA	mdgca026212275v2rs	Microplitis demolitor	NA	NA	NA	69319	NA
Microplitis mediator	Microplitis mediator (Endoparasitoid wasp, UGA2020A)	NA	NA	NA	mmgca029852145v1rs	Microplitis mediator	NA	NA	NA	375433	NA
Micropterus dolomieu	Micropterus dolomieu	AH120424	Micropterus dolomieu	NCBI gene ID based annotations about Micropterus dolomieu	NA	NA	OrgDb	2025-03-21	NCBI/UniProt	147949	org.Micropterus_dolomieu.eg.sqlite
Microtus oregoni	Microtus oregoni	AH120162	Microtus oregoni	NCBI gene ID based annotations about Microtus oregoni	NA	NA	OrgDb	2025-03-21	NCBI/UniProt	111838	org.Microtus_oregoni.eg.sqlite
Millepora damicornis	Millepora damicornis	AH121136	Millepora damicornis	NCBI gene ID based annotations about Millepora damicornis	pdgca003704095v1	Pocillopora damicornis	OrgDb	2025-03-21	NCBI/UniProt	46731	org.Millepora_damicornis.eg.sqlite
Mimosa cineraria	Mimosa cineraria	AH119925	Mimosa cineraria	NCBI gene ID based annotations about Mimosa cineraria	NA	NA	OrgDb	2025-03-21	NCBI/UniProt	364024	org.Mimosa_cineraria.eg.sqlite
Miniopterus natalensis	Miniopterus natalensis	AH121144	Miniopterus natalensis	NCBI gene ID based annotations about Miniopterus natalensis	NA	NA	OrgDb	2025-03-21	NCBI/UniProt	291302	org.Miniopterus_natalensis.eg.sqlite
Mirounga leonina	Mirounga leonina	AH120563	Mirounga leonina	NCBI gene ID based annotations about Mirounga leonina	NA	NA	OrgDb	2025-03-21	NCBI/UniProt	9715	org.Mirounga_leonina.eg.sqlite
Misgurnus dabryanus	Misgurnus dabryanus	AH119602	Misgurnus dabryanus	NCBI gene ID based annotations about Misgurnus dabryanus	NA	NA	OrgDb	2025-03-21	NCBI/UniProt	90735	org.Misgurnus_dabryanus.eg.sqlite
Mizuhopecten yessoensis	Mizuhopecten yessoensis	AH120821	Mizuhopecten yessoensis	NCBI gene ID based annotations about Mizuhopecten yessoensis	mygca002113885v2	Mizuhopecten yessoensis	OrgDb	2025-03-21	NCBI/UniProt	6573	org.Mizuhopecten_yessoensis.eg.sqlite
Mnemiopsis leidyi	Mnemiopsis leidyi (Warty comb jelly)	NA	NA	NA	mleidyi	Mnemiopsis leidyi	NA	NA	NA	27923	NA
Mollienesia latipinna	Mollienesia latipinna	AH120457	Mollienesia latipinna	NCBI gene ID based annotations about Mollienesia latipinna	platipinna	Poecilia latipinna	OrgDb	2025-03-21	NCBI/UniProt	48699	org.Mollienesia_latipinna.eg.sqlite
Mollisia scopiformis	Mollisia scopiformis	AH121421	Mollisia scopiformis	NCBI gene ID based annotations about Mollisia scopiformis	NA	NA	OrgDb	2025-03-21	NCBI/UniProt	149040	org.Mollisia_scopiformis.eg.sqlite
Molossus molossus	Molossus molossus	AH120666	Molossus molossus	NCBI gene ID based annotations about Molossus molossus	NA	NA	OrgDb	2025-03-21	NCBI/UniProt	27622	org.Molossus_molossus.eg.sqlite
Molothrus aeneus	Molothrus aeneus	AH121438	Molothrus aeneus	NCBI gene ID based annotations about Molothrus aeneus	NA	NA	OrgDb	2025-03-21	NCBI/UniProt	84833	org.Molothrus_aeneus.eg.sqlite
Molothrus ater	Molothrus ater	AH121457	Molothrus ater	NCBI gene ID based annotations about Molothrus ater	NA	NA	OrgDb	2025-03-21	NCBI/UniProt	84834	org.Molothrus_ater.eg.sqlite
Momordica charantia	Momordica charantia	AH121199	Momordica charantia	NCBI gene ID based annotations about Momordica charantia	NA	NA	OrgDb	2025-03-21	NCBI/UniProt	3673	org.Momordica_charantia.eg.sqlite
Monachus schauinslandi	Monachus schauinslandi	AH120764	Monachus schauinslandi	NCBI gene ID based annotations about Monachus schauinslandi	NA	NA	OrgDb	2025-03-21	NCBI/UniProt	29088	org.Monachus_schauinslandi.eg.sqlite
Monocercomonoides exilis	Monocercomonoides exilis	AH121470	Monocercomonoides exilis	NCBI gene ID based annotations about Monocercomonoides exilis	NA	NA	OrgDb	2025-03-21	NCBI/UniProt	2049356	org.Monocercomonoides_exilis.eg.sqlite
Monodon monoceros	Narwhal	NA	NA	NA	mmonoceros	Monodon monoceros	NA	NA	NA	40151	NA
Monomorium pharaonis	Monomorium pharaonis (Pharaoh ant, MP-MQ-018)	NA	NA	NA	mpgca013373865v2	Monomorium pharaonis	NA	NA	NA	307658	NA
Montipora capricornis	Montipora capricornis	AH119755	Montipora capricornis	NCBI gene ID based annotations about Montipora capricornis	NA	NA	OrgDb	2025-03-21	NCBI/UniProt	246305	org.Montipora_capricornis.eg.sqlite
Morone flavescens	Morone flavescens	AH120679	Morone flavescens	NCBI gene ID based annotations about Morone flavescens	NA	NA	OrgDb	2025-03-21	NCBI/UniProt	8167	org.Morone_flavescens.eg.sqlite
Morone saxatilis	Morone saxatilis	AH121140	Morone saxatilis	NCBI gene ID based annotations about Morone saxatilis	NA	NA	OrgDb	2025-03-21	NCBI/UniProt	34816	org.Morone_saxatilis.eg.sqlite
Morus notabilis	Morus notabilis	AH121050	Morus notabilis	NCBI gene ID based annotations about Morus notabilis	NA	NA	OrgDb	2025-03-21	NCBI/UniProt	981085	org.Morus_notabilis.eg.sqlite
Moschus berezovskii	Moschus berezovskii	AH120584	Moschus berezovskii	NCBI gene ID based annotations about Moschus berezovskii	NA	NA	OrgDb	2025-03-21	NCBI/UniProt	68408	org.Moschus_berezovskii.eg.sqlite
Moschus moschiferus	Siberian musk deer	NA	NA	NA	mmoschiferus	Moschus moschiferus	NA	NA	NA	68415	NA
Motacilla alba_alba	Motacilla alba_alba	AH121486	Motacilla alba_alba	NCBI gene ID based annotations about Motacilla alba_alba	NA	NA	OrgDb	2025-03-21	NCBI/UniProt	1094192	org.Motacilla_alba_alba.eg.sqlite
Motacilla atricapilla	Motacilla atricapilla	AH121464	Motacilla atricapilla	NCBI gene ID based annotations about Motacilla atricapilla	NA	NA	OrgDb	2025-03-21	NCBI/UniProt	48155	org.Motacilla_atricapilla.eg.sqlite
Motacilla subflava	Motacilla subflava	AH121386	Motacilla subflava	NCBI gene ID based annotations about Motacilla subflava	NA	NA	OrgDb	2025-03-21	NCBI/UniProt	208062	org.Motacilla_subflava.eg.sqlite
Mugil cephalotus	Mugil cephalotus	AH120650	Mugil cephalotus	NCBI gene ID based annotations about Mugil cephalotus	NA	NA	OrgDb	2025-03-21	NCBI/UniProt	48193	org.Mugil_cephalotus.eg.sqlite
Mus caroli	Ryukyu mouse	NA	NA	NA	mcaroli	Mus caroli	NA	NA	NA	10089	NA
Mus pahari	Shrew mouse	NA	NA	NA	mpahari	Mus pahari	NA	NA	NA	10093	NA
Mus rattus	Mus rattus	AH120344	Mus rattus	NCBI gene ID based annotations about Mus rattus	NA	NA	OrgDb	2025-03-21	NCBI/UniProt	10117	org.Mus_rattus.eg.sqlite
Mus spicilegus	Steppe mouse	NA	NA	NA	mspicilegus	Mus spicilegus	NA	NA	NA	10103	NA
Mus spretus	Western wild mouse	NA	NA	NA	mspretus	Mus spretus	NA	NA	NA	10096	NA
Musa acuminata subsp. malaccensis	Musa acuminata	NA	NA	NA	macuminata	Musa acuminata subsp. malaccensis	NA	NA	NA	214687	NA
Musa acuminata_AAA_Group	Musa acuminata_AAA_Group	AH119547	Musa acuminata_AAA_Group	NCBI gene ID based annotations about Musa acuminata_AAA_Group	NA	NA	OrgDb	2025-03-21	NCBI/UniProt	214697	org.Musa_acuminata_AAA_Group.eg.sqlite
Musca domestica	Musca domestica	AH121243	Musca domestica	NCBI gene ID based annotations about Musca domestica	mdgca030504385v2rs	Musca domestica	OrgDb	2025-03-21	NCBI/UniProt	7370	org.Musca_domestica.eg.sqlite
Musca vetustissima	Musca vetustissima	AH121480	Musca vetustissima	NCBI gene ID based annotations about Musca vetustissima	NA	NA	OrgDb	2025-03-21	NCBI/UniProt	27455	org.Musca_vetustissima.eg.sqlite
Muscicapa cayanensis	Muscicapa cayanensis	AH121423	Muscicapa cayanensis	NCBI gene ID based annotations about Muscicapa cayanensis	NA	NA	OrgDb	2025-03-21	NCBI/UniProt	478635	org.Muscicapa_cayanensis.eg.sqlite
Muscicapa melanoleuca	Muscicapa melanoleuca	AH121400	Muscicapa melanoleuca	NCBI gene ID based annotations about Muscicapa melanoleuca	NA	NA	OrgDb	2025-03-21	NCBI/UniProt	2939378	org.Muscicapa_melanoleuca.eg.sqlite
Mustela erminea	Mustela erminea	AH120167	Mustela erminea	NCBI gene ID based annotations about Mustela erminea	NA	NA	OrgDb	2025-03-21	NCBI/UniProt	36723	org.Mustela_erminea.eg.sqlite
Mustela furo	Mustela furo	AH120336	Mustela furo	NCBI gene ID based annotations about Mustela furo	mpfuro	Mustela putorius furo	OrgDb	2025-03-21	NCBI/UniProt	9669	org.Mustela_furo.eg.sqlite
Mustela lutreola	Mustela lutreola	AH120222	Mustela lutreola	NCBI gene ID based annotations about Mustela lutreola	NA	NA	OrgDb	2025-03-21	NCBI/UniProt	9666	org.Mustela_lutreola.eg.sqlite
Mustela nigripes	Mustela nigripes	AH120485	Mustela nigripes	NCBI gene ID based annotations about Mustela nigripes	NA	NA	OrgDb	2025-03-21	NCBI/UniProt	77151	org.Mustela_nigripes.eg.sqlite
Mustela vison	Mustela vison	AH120540	Mustela vison	NCBI gene ID based annotations about Mustela vison	nvison	Neogale vison	OrgDb	2025-03-21	NCBI/UniProt	452646	org.Mustela_vison.eg.sqlite
Mya arenaria	Mya arenaria	AH119796	Mya arenaria	NCBI gene ID based annotations about Mya arenaria	magca026914265v1rs	Mya arenaria	OrgDb	2025-03-21	NCBI/UniProt	6604	org.Mya_arenaria.eg.sqlite
Myopa tessellatipennis	Myopa tessellatipennis - (flies, reference)	NA	NA	NA	mtgca943737955v2	Myopa tessellatipennis	NA	NA	NA	2829445	NA
Myotis aurascens	Myotis aurascens	AH120891	Myotis aurascens	NCBI gene ID based annotations about Myotis aurascens	NA	NA	OrgDb	2025-03-21	NCBI/UniProt	225400	org.Myotis_aurascens.eg.sqlite
Myotis brandtii	Myotis brandtii	AH120688	Myotis brandtii	NCBI gene ID based annotations about Myotis brandtii	NA	NA	OrgDb	2025-03-21	NCBI/UniProt	109478	org.Myotis_brandtii.eg.sqlite
Myotis daubentonii	Myotis daubentonii	AH120352	Myotis daubentonii	NCBI gene ID based annotations about Myotis daubentonii	NA	NA	OrgDb	2025-03-21	NCBI/UniProt	98922	org.Myotis_daubentonii.eg.sqlite
Myotis lucifugus	Myotis lucifugus	AH120419	Myotis lucifugus	NCBI gene ID based annotations about Myotis lucifugus	mlucifugus	Myotis lucifugus	OrgDb	2025-03-21	NCBI/UniProt	59463	org.Myotis_lucifugus.eg.sqlite
Myotis myotis	Myotis myotis	AH120476	Myotis myotis	NCBI gene ID based annotations about Myotis myotis	NA	NA	OrgDb	2025-03-21	NCBI/UniProt	51298	org.Myotis_myotis.eg.sqlite
Myotis yumanensis	Myotis yumanensis	AH120514	Myotis yumanensis	NCBI gene ID based annotations about Myotis yumanensis	NA	NA	OrgDb	2025-03-21	NCBI/UniProt	159337	org.Myotis_yumanensis.eg.sqlite
Myripristis murdjan	Pinecone soldierfish	NA	NA	NA	mmurdjan	Myripristis murdjan	NA	NA	NA	586833	NA
Myrmecophaga aculeata	Myrmecophaga aculeata	AH120439	Myrmecophaga aculeata	NCBI gene ID based annotations about Myrmecophaga aculeata	NA	NA	OrgDb	2025-03-21	NCBI/UniProt	9261	org.Myrmecophaga_aculeata.eg.sqlite
Mytilus californianus	Mytilus californianus	AH119851	Mytilus californianus	NCBI gene ID based annotations about Mytilus californianus	mcgca021869535v1rs	Mytilus californianus	OrgDb	2025-03-21	NCBI/UniProt	6549	org.Mytilus_californianus.eg.sqlite
Mytilus edulis	Mytilus edulis	AH119728	Mytilus edulis	NCBI gene ID based annotations about Mytilus edulis	NA	NA	OrgDb	2025-03-21	NCBI/UniProt	6550	org.Mytilus_edulis.eg.sqlite
Mytilus trossulus	Mytilus trossulus	AH119752	Mytilus trossulus	NCBI gene ID based annotations about Mytilus trossulus	NA	NA	OrgDb	2025-03-21	NCBI/UniProt	6551	org.Mytilus_trossulus.eg.sqlite
Myxine glutinosa	Myxine glutinosa	AH120595	Myxine glutinosa	NCBI gene ID based annotations about Myxine glutinosa	NA	NA	OrgDb	2025-03-21	NCBI/UniProt	7769	org.Myxine_glutinosa.eg.sqlite
Naja naja	Indian cobra	NA	NA	NA	nnaja	Naja naja	NA	NA	NA	35670	NA
Nakaseomyces glabratus CBS 138	Candida glabrata	NA	NA	NA	cglabrata	Nakaseomyces glabratus CBS 138	NA	NA	NA	284593	NA
Nannospalax ehrenbergi_galili	Nannospalax ehrenbergi_galili	AH120197	Nannospalax ehrenbergi_galili	NCBI gene ID based annotations about Nannospalax ehrenbergi_galili	ngalili	Nannospalax galili	OrgDb	2025-03-21	NCBI/UniProt	1026970	org.Nannospalax_ehrenbergi_galili.eg.sqlite
Narcine bancroftii	Narcine bancroftii	AH120550	Narcine bancroftii	NCBI gene ID based annotations about Narcine bancroftii	NA	NA	OrgDb	2025-03-21	NCBI/UniProt	1343680	org.Narcine_bancroftii.eg.sqlite
Nasonia vitripennis	Nasonia vitripennis (Jewel wasp, AsymCx)	NA	NA	NA	nvitripennis	Nasonia vitripennis	NA	NA	NA	7425	NA
Necator americanus	Necator americanus	AH120888	Necator americanus	NCBI gene ID based annotations about Necator americanus	neamerprjna72135	Necator americanus	OrgDb	2025-03-21	NCBI/UniProt	51031	org.Necator_americanus.eg.sqlite
Nelumbo nucifera	Nelumbo nucifera	AH120718	Nelumbo nucifera	NCBI gene ID based annotations about Nelumbo nucifera	NA	NA	OrgDb	2025-03-21	NCBI/UniProt	4432	org.Nelumbo_nucifera.eg.sqlite
Nematostella vectensis	Nematostella vectensis	AH119934	Nematostella vectensis	NCBI gene ID based annotations about Nematostella vectensis	nvectensis	Nematostella vectensis	OrgDb	2025-03-21	NCBI/UniProt	45351	org.Nematostella_vectensis.eg.sqlite
Neodiprion lecontei	Neodiprion lecontei (Redheaded pine sawfly, iyNeoLeco1)	NA	NA	NA	nlgca021901455v1rs	Neodiprion lecontei	NA	NA	NA	441921	NA
Neodiprion pinetum	Neodiprion pinetum (White pine sawfly, iyNeoPine1)	NA	NA	NA	npgca021155775v1rs	Neodiprion pinetum	NA	NA	NA	441929	NA
Neophocaena asiaeorientalis_asiaeorientalis	Neophocaena asiaeorientalis_asiaeorientalis	AH120980	Neophocaena asiaeorientalis_asiaeorientalis	NCBI gene ID based annotations about Neophocaena asiaeorientalis_asiaeorientalis	NA	NA	OrgDb	2025-03-21	NCBI/UniProt	1706337	org.Neophocaena_asiaeorientalis_asiaeorientalis.eg.sqlite
Neosciurus carolinensis	Neosciurus carolinensis	AH119995	Neosciurus carolinensis	NCBI gene ID based annotations about Neosciurus carolinensis	NA	NA	OrgDb	2025-03-21	NCBI/UniProt	30640	org.Neosciurus_carolinensis.eg.sqlite
Neothunnus macropterus	Neothunnus macropterus	AH120131	Neothunnus macropterus	NCBI gene ID based annotations about Neothunnus macropterus	NA	NA	OrgDb	2025-03-21	NCBI/UniProt	8236	org.Neothunnus_macropterus.eg.sqlite
Neptunus trituberculatus	Neptunus trituberculatus	AH121150	Neptunus trituberculatus	NCBI gene ID based annotations about Neptunus trituberculatus	ptgca017591435v1	Portunus trituberculatus	OrgDb	2025-03-21	NCBI/UniProt	210409	org.Neptunus_trituberculatus.eg.sqlite
Nerophis lumbriciformis	Nerophis lumbriciformis	AH119677	Nerophis lumbriciformis	NCBI gene ID based annotations about Nerophis lumbriciformis	NA	NA	OrgDb	2025-03-21	NCBI/UniProt	546530	org.Nerophis_lumbriciformis.eg.sqlite
Nerophis ophidion	Nerophis ophidion	AH120093	Nerophis ophidion	NCBI gene ID based annotations about Nerophis ophidion	NA	NA	OrgDb	2025-03-21	NCBI/UniProt	159077	org.Nerophis_ophidion.eg.sqlite
Neurospora crassa OR74A	Neurospora crassa	NA	NA	NA	ncrassa	Neurospora crassa OR74A	NA	NA	NA	367110	NA
Nicotiana attenuata	Nicotiana attenuata	AH119886	Nicotiana attenuata	NCBI gene ID based annotations about Nicotiana attenuata	nattenuata	Nicotiana attenuata	OrgDb	2025-03-21	NCBI/UniProt	49451	org.Nicotiana_attenuata.eg.sqlite
Nicotiana sylvestris	Nicotiana sylvestris	AH119679	Nicotiana sylvestris	NCBI gene ID based annotations about Nicotiana sylvestris	NA	NA	OrgDb	2025-03-21	NCBI/UniProt	4096	org.Nicotiana_sylvestris.eg.sqlite
Nicotiana tabacum	Nicotiana tabacum	AH119594	Nicotiana tabacum	NCBI gene ID based annotations about Nicotiana tabacum	NA	NA	OrgDb	2025-03-21	NCBI/UniProt	4097	org.Nicotiana_tabacum.eg.sqlite
Nicotiana tomentosiformis	Nicotiana tomentosiformis	AH119681	Nicotiana tomentosiformis	NCBI gene ID based annotations about Nicotiana tomentosiformis	NA	NA	OrgDb	2025-03-21	NCBI/UniProt	4098	org.Nicotiana_tomentosiformis.eg.sqlite
Nilaparvata lugens	Nilaparvata lugens	AH121270	Nilaparvata lugens	NCBI gene ID based annotations about Nilaparvata lugens	nlgca014356525v1rs	Nilaparvata lugens	OrgDb	2025-03-21	NCBI/UniProt	108931	org.Nilaparvata_lugens.eg.sqlite
Nippostrongylus brasiliensis	Nippostrongylus brasiliensis (PRJNA994163)	NA	NA	NA	nibrasprjna994163	Nippostrongylus brasiliensis	NA	NA	NA	27835	NA
Notamacropus eugenii	Wallaby	NA	NA	NA	neugenii	Notamacropus eugenii	NA	NA	NA	9315	NA
Notechis scutatus	Mainland tiger snake	NA	NA	NA	nscutatus	Notechis scutatus	NA	NA	NA	8663	NA
Nothobranchius furzeri	Nothobranchius furzeri	AH119947	Nothobranchius furzeri	NCBI gene ID based annotations about Nothobranchius furzeri	nfurzeri	Nothobranchius furzeri	OrgDb	2025-03-21	NCBI/UniProt	105023	org.Nothobranchius_furzeri.eg.sqlite
Notothenia coriiceps	Notothenia coriiceps	AH120773	Notothenia coriiceps	NCBI gene ID based annotations about Notothenia coriiceps	NA	NA	OrgDb	2025-03-21	NCBI/UniProt	8208	org.Notothenia_coriiceps.eg.sqlite
Numida meleagris	Numida meleagris	AH121200	Numida meleagris	NCBI gene ID based annotations about Numida meleagris	NA	NA	OrgDb	2025-03-21	NCBI/UniProt	8996	org.Numida_meleagris.eg.sqlite
Nycticebus coucang	Nycticebus coucang	AH119931	Nycticebus coucang	NCBI gene ID based annotations about Nycticebus coucang	NA	NA	OrgDb	2025-03-21	NCBI/UniProt	9470	org.Nycticebus_coucang.eg.sqlite
Nylanderia fulva	Nylanderia fulva	AH121468	Nylanderia fulva	NCBI gene ID based annotations about Nylanderia fulva	NA	NA	OrgDb	2025-03-21	NCBI/UniProt	613905	org.Nylanderia_fulva.eg.sqlite
Nymphaea colorata	Nymphaea colorata	AH121053	Nymphaea colorata	NCBI gene ID based annotations about Nymphaea colorata	ncolorata	Nymphaea colorata	OrgDb	2025-03-21	NCBI/UniProt	210225	org.Nymphaea_colorata.eg.sqlite
Octodon degus	Octodon degus	AH119889	Octodon degus	NCBI gene ID based annotations about Octodon degus	odegus	Octodon degus	OrgDb	2025-03-21	NCBI/UniProt	10160	org.Octodon_degus.eg.sqlite
Octopus bimaculoides	Octopus bimaculoides	AH121309	Octopus bimaculoides	NCBI gene ID based annotations about Octopus bimaculoides	obgca001194135v2rs	Octopus bimaculoides	OrgDb	2025-03-21	NCBI/UniProt	37653	org.Octopus_bimaculoides.eg.sqlite
Octopus sinensis	Octopus sinensis	AH120589	Octopus sinensis	NCBI gene ID based annotations about Octopus sinensis	osgca006345805v1	Octopus sinensis	OrgDb	2025-03-21	NCBI/UniProt	2607531	org.Octopus_sinensis.eg.sqlite
Odobenus rosmarus_divergens	Odobenus rosmarus_divergens	AH121019	Odobenus rosmarus_divergens	NCBI gene ID based annotations about Odobenus rosmarus_divergens	NA	NA	OrgDb	2025-03-21	NCBI/UniProt	9708	org.Odobenus_rosmarus_divergens.eg.sqlite
Odocoileus virginianus	Odocoileus virginianus	AH120026	Odocoileus virginianus	NCBI gene ID based annotations about Odocoileus virginianus	NA	NA	OrgDb	2025-03-21	NCBI/UniProt	9874	org.Odocoileus_virginianus.eg.sqlite
Oesophagostomum dentatum	Oesophagostomum dentatum	NA	NA	NA	oedentprjna72579	Oesophagostomum dentatum	NA	NA	NA	61180	NA
Olea europaea subsp. europaea	Olea europaea	NA	NA	NA	oeuropaea	Olea europaea subsp. europaea	NA	NA	NA	158383	NA
Olea europaea_subsp._europaea_var._sylvestris	Olea europaea_subsp._europaea_var._sylvestris	AH119747	Olea europaea_subsp._europaea_var._sylvestris	NCBI gene ID based annotations about Olea europaea_subsp._europaea_var._sylvestris	oesylvestris	Olea europaea var. sylvestris	OrgDb	2025-03-21	NCBI/UniProt	158386	org.Olea_europaea_subsp._europaea_var._sylvestris.eg.sqlite
Onchocerca flexuosa	Onchocerca flexuosa (PRJNA230512)	NA	NA	NA	onflexprjna230512	Onchocerca flexuosa	NA	NA	NA	387005	NA
Onchocerca ochengi	Onchocerca ochengi (PRJEB1204)	NA	NA	NA	onocheprjeb1204	Onchocerca ochengi	NA	NA	NA	42157	NA
Onchocerca volvulus	Onchocerca volvulus	NA	NA	NA	onvolvprjeb513	Onchocerca volvulus	NA	NA	NA	6282	NA
Oncorhynchus clarkii_lewisi	Oncorhynchus clarkii_lewisi	AH119637	Oncorhynchus clarkii_lewisi	NCBI gene ID based annotations about Oncorhynchus clarkii_lewisi	NA	NA	OrgDb	2025-03-21	NCBI/UniProt	490388	org.Oncorhynchus_clarkii_lewisi.eg.sqlite
Oncorhynchus gorbuscha	Oncorhynchus gorbuscha	AH119640	Oncorhynchus gorbuscha	NCBI gene ID based annotations about Oncorhynchus gorbuscha	NA	NA	OrgDb	2025-03-21	NCBI/UniProt	8017	org.Oncorhynchus_gorbuscha.eg.sqlite
Oncorhynchus keta	Oncorhynchus keta	AH119612	Oncorhynchus keta	NCBI gene ID based annotations about Oncorhynchus keta	NA	NA	OrgDb	2025-03-21	NCBI/UniProt	8018	org.Oncorhynchus_keta.eg.sqlite
Oncorhynchus kisutch	Oncorhynchus kisutch	AH119619	Oncorhynchus kisutch	NCBI gene ID based annotations about Oncorhynchus kisutch	okisutch	Oncorhynchus kisutch	OrgDb	2025-03-21	NCBI/UniProt	8019	org.Oncorhynchus_kisutch.eg.sqlite
Oncorhynchus masou_masou	Oncorhynchus masou_masou	AH119666	Oncorhynchus masou_masou	NCBI gene ID based annotations about Oncorhynchus masou_masou	NA	NA	OrgDb	2025-03-21	NCBI/UniProt	90313	org.Oncorhynchus_masou_masou.eg.sqlite
Oncorhynchus mykiss	Oncorhynchus mykiss	AH119595	Oncorhynchus mykiss	NCBI gene ID based annotations about Oncorhynchus mykiss	omykiss	Oncorhynchus mykiss	OrgDb	2025-03-21	NCBI/UniProt	8022	org.Oncorhynchus_mykiss.eg.sqlite
Oncorhynchus nerka	Oncorhynchus nerka	AH119668	Oncorhynchus nerka	NCBI gene ID based annotations about Oncorhynchus nerka	NA	NA	OrgDb	2025-03-21	NCBI/UniProt	8023	org.Oncorhynchus_nerka.eg.sqlite
Oncorhynchus tschawytscha	Oncorhynchus tschawytscha	AH119709	Oncorhynchus tschawytscha	NCBI gene ID based annotations about Oncorhynchus tschawytscha	otshawytscha	Oncorhynchus tshawytscha	OrgDb	2025-03-21	NCBI/UniProt	74940	org.Oncorhynchus_tschawytscha.eg.sqlite
Onthophagus taurus	Onthophagus taurus (Dung beetle)	NA	NA	NA	otgca000648695v2	Onthophagus taurus	NA	NA	NA	166361	NA
Ooceraea biroi	Ooceraea biroi (Clonal raider ant, clonal line C1)	NA	NA	NA	obgca003672135v1	Ooceraea biroi	NA	NA	NA	2015173	NA
Opisthorchis felineus	Opisthorchis felineus	NA	NA	NA	opfeliprjna413383	Opisthorchis felineus	NA	NA	NA	147828	NA
Opisthorchis viverrini	Opisthorchis viverrini	NA	NA	NA	opviveprjna222628	Opisthorchis viverrini	NA	NA	NA	6198	NA
Oppia nitens	Oppia nitens (Oribatid soil mite, AA-2021)	NA	NA	NA	ongca028296485v1rs	Oppia nitens	NA	NA	NA	1686743	NA
Orchesella cincta	Orchesella cincta (Springtail)	NA	NA	NA	ocincta	Orchesella cincta	NA	NA	NA	48709	NA
Oreochromis nilotica	Oreochromis nilotica	AH119810	Oreochromis nilotica	NCBI gene ID based annotations about Oreochromis nilotica	oniloticus	Oreochromis niloticus	OrgDb	2025-03-21	NCBI/UniProt	8128	org.Oreochromis_nilotica.eg.sqlite
Ornithodoros americanus	Ornithodoros americanus	AH120033	Ornithodoros americanus	NCBI gene ID based annotations about Ornithodoros americanus	otgca037126465v1rs	Ornithodoros turicata	OrgDb	2025-03-21	NCBI/UniProt	34597	org.Ornithodoros_americanus.eg.sqlite
Ornithorhynchus anatinus	Ornithorhynchus anatinus	AH120431	Ornithorhynchus anatinus	NCBI gene ID based annotations about Ornithorhynchus anatinus	oanatinus	Ornithorhynchus anatinus	OrgDb	2025-03-21	NCBI/UniProt	9258	org.Ornithorhynchus_anatinus.eg.sqlite
Orussus abietinus	Orussus abietinus (Parasitic wood wasp, OABI.00-Male)	NA	NA	NA	oagca000612105v2	Orussus abietinus	NA	NA	NA	222816	NA
Oryza barthii	Oryza barthii	NA	NA	NA	obarthii	Oryza barthii	NA	NA	NA	65489	NA
Oryza brachyantha	Oryza brachyantha	AH120839	Oryza brachyantha	NCBI gene ID based annotations about Oryza brachyantha	obrachyantha	Oryza brachyantha	OrgDb	2025-03-21	NCBI/UniProt	4533	org.Oryza_brachyantha.eg.sqlite
Oryza glaberrima	Oryza glaberrima	AH120184	Oryza glaberrima	NCBI gene ID based annotations about Oryza glaberrima	oglaberrima	Oryza glaberrima	OrgDb	2025-03-21	NCBI/UniProt	4538	org.Oryza_glaberrima.eg.sqlite
Oryza glumipatula	Oryza glumipatula	NA	NA	NA	oglumipatula	Oryza glumipatula	NA	NA	NA	40148	NA
Oryza longistaminata	Oryza longistaminata	NA	NA	NA	olongistaminata	Oryza longistaminata	NA	NA	NA	4528	NA
Oryza meridionalis	Oryza meridionalis	NA	NA	NA	omeridionalis	Oryza meridionalis	NA	NA	NA	40149	NA
Oryza nivara	Oryza nivara	NA	NA	NA	onivara	Oryza nivara	NA	NA	NA	4536	NA
Oryza punctata	Oryza punctata	NA	NA	NA	opunctata	Oryza punctata	NA	NA	NA	4537	NA
Oryza rufipogon	Oryza rufipogon	NA	NA	NA	orufipogon	Oryza rufipogon	NA	NA	NA	4529	NA
Oryza sativa aromatic subgroup	Oryza sativa (circum-Basmati var. ARC 10497)	NA	NA	NA	osarc	Oryza sativa aromatic subgroup	NA	NA	NA	1736658	NA
Oryza sativa aus subgroup	Oryza sativa (circum-Aus2 var. Natel Boro)	NA	NA	NA	osnatelboro	Oryza sativa aus subgroup	NA	NA	NA	1736659	NA
Oryza sativa Indica Group	Oryza sativa (Xian/Indica-3A var. Lima)	NA	NA	NA	oslima	Oryza sativa Indica Group	NA	NA	NA	39946	NA
Oryza sativa tropical japonica subgroup	Oryza sativa (Geng/Japonica-trop2 var. Ketan Nangka)	NA	NA	NA	osketannangka	Oryza sativa tropical japonica subgroup	NA	NA	NA	1736656	NA
Oryza sativa_(japonica_cultivar-group)	Oryza sativa_(japonica_cultivar-group)	AH119907	Oryza sativa_(japonica_cultivar-group)	NCBI gene ID based annotations about Oryza sativa_(japonica_cultivar-group)	osativa	Oryza sativa Japonica Group	OrgDb	2025-03-21	NCBI/UniProt	39947	org.Oryza_sativa_(japonica_cultivar-group).eg.sqlite
Oryzias javanicus	Javanese ricefish	NA	NA	NA	ojavanicus	Oryzias javanicus	NA	NA	NA	123683	NA
Oryzias latipes	Oryzias latipes	AH120849	Oryzias latipes	NCBI gene ID based annotations about Oryzias latipes	olatipes	Oryzias latipes	OrgDb	2025-03-21	NCBI/UniProt	8090	org.Oryzias_latipes.eg.sqlite
Oryzias melastigma	Indian medaka	NA	NA	NA	omelastigma	Oryzias melastigma	NA	NA	NA	30732	NA
Oryzias sinensis	Chinese medaka	NA	NA	NA	osinensis	Oryzias sinensis	NA	NA	NA	183150	NA
Oscheius tipulae	Oscheius tipulae (PRJNA644888)	NA	NA	NA	ostipuprjna644888	Oscheius tipulae	NA	NA	NA	141969	NA
Osmerus eperlanus	Osmerus eperlanus	AH120156	Osmerus eperlanus	NCBI gene ID based annotations about Osmerus eperlanus	NA	NA	OrgDb	2025-03-21	NCBI/UniProt	29151	org.Osmerus_eperlanus.eg.sqlite
Osteoglossum formosum	Osteoglossum formosum	AH120800	Osteoglossum formosum	NCBI gene ID based annotations about Osteoglossum formosum	sformosus	Scleropages formosus	OrgDb	2025-03-21	NCBI/UniProt	113540	org.Osteoglossum_formosum.eg.sqlite
Ostrea echinata	Ostrea echinata	AH120110	Ostrea echinata	NCBI gene ID based annotations about Ostrea echinata	NA	NA	OrgDb	2025-03-21	NCBI/UniProt	191078	org.Ostrea_echinata.eg.sqlite
Ostrea edulis	Ostrea edulis	AH120022	Ostrea edulis	NCBI gene ID based annotations about Ostrea edulis	oegca023158985v1rs	Ostrea edulis	OrgDb	2025-03-21	NCBI/UniProt	37623	org.Ostrea_edulis.eg.sqlite
Ostrea maxima	Ostrea maxima	AH120463	Ostrea maxima	NCBI gene ID based annotations about Ostrea maxima	pmgca902652985v1rs	Pecten maximus	OrgDb	2025-03-21	NCBI/UniProt	6579	org.Ostrea_maxima.eg.sqlite
Ostreococcus lucimarinus CCE9901	Ostreococcus lucimarinus	NA	NA	NA	olucimarinus	Ostreococcus lucimarinus CCE9901	NA	NA	NA	436017	NA
Ovis ammon_aries	Ovis ammon_aries	AH120061	Ovis ammon_aries	NCBI gene ID based annotations about Ovis ammon_aries	oarambouillet	Ovis aries	OrgDb	2025-03-21	NCBI/UniProt	9940	org.Ovis_ammon_aries.eg.sqlite
Ovis canadensis	Ovis canadensis	AH120109	Ovis canadensis	NCBI gene ID based annotations about Ovis canadensis	NA	NA	OrgDb	2025-03-21	NCBI/UniProt	37174	org.Ovis_canadensis.eg.sqlite
Owenia fusiformis	Owenia fusiformis (Segmented worms)	NA	NA	NA	ofgca903813345v1	Owenia fusiformis	NA	NA	NA	6347	NA
Pagothenia bernacchii	Pagothenia bernacchii	AH120328	Pagothenia bernacchii	NCBI gene ID based annotations about Pagothenia bernacchii	NA	NA	OrgDb	2025-03-21	NCBI/UniProt	40690	org.Pagothenia_bernacchii.eg.sqlite
Palinurus ornatus	Palinurus ornatus	AH121194	Palinurus ornatus	NCBI gene ID based annotations about Palinurus ornatus	NA	NA	OrgDb	2025-03-21	NCBI/UniProt	150431	org.Palinurus_ornatus.eg.sqlite
Pan paniscus	Pan paniscus	AH119943	Pan paniscus	NCBI gene ID based annotations about Pan paniscus	ppaniscus	Pan paniscus	OrgDb	2025-03-21	NCBI/UniProt	9597	org.Pan_paniscus.eg.sqlite
Pan troglodytes	Pan troglodytes	AH121949	Pan troglodytes	NCBI gene ID based annotations about Pan troglodytes	ptroglodytes	Pan troglodytes	OrgDb	2025-10-29	NCBI/ensembl	9598	org.Pt.eg.db.sqlite
Panagrellus redivivus	Panagrellus redivivus	NA	NA	NA	parediprjna186477	Panagrellus redivivus	NA	NA	NA	6233	NA
Panagrolaimus davidi	Panagrolaimus davidi	NA	NA	NA	padaviprjeb32708	Panagrolaimus davidi	NA	NA	NA	227884	NA
Panagrolaimus sp. ES5	Panagrolaimus es5	NA	NA	NA	paes5prjeb32708	Panagrolaimus sp. ES5	NA	NA	NA	591445	NA
Panagrolaimus sp. JU765	Panagrolaimus ju765	NA	NA	NA	paju76prjeb32708	Panagrolaimus sp. JU765	NA	NA	NA	591449	NA
Panagrolaimus sp. PS1159	Panagrolaimus sp. 1159	NA	NA	NA	pasp11prjeb32708	Panagrolaimus sp. PS1159	NA	NA	NA	55785	NA
Panicum hallii	Panicum hallii	AH120403	Panicum hallii	NCBI gene ID based annotations about Panicum hallii	phfil2	Panicum hallii	OrgDb	2025-03-21	NCBI/UniProt	206008	org.Panicum_hallii.eg.sqlite
Panicum hallii var. hallii	Panicum hallii HAL2	NA	NA	NA	phallii	Panicum hallii var. hallii	NA	NA	NA	1504633	NA
Panicum virgatum	Panicum virgatum	AH119593	Panicum virgatum	NCBI gene ID based annotations about Panicum virgatum	NA	NA	OrgDb	2025-03-21	NCBI/UniProt	38727	org.Panicum_virgatum.eg.sqlite
Panicum viride	Panicum viride	AH120174	Panicum viride	NCBI gene ID based annotations about Panicum viride	sviridis	Setaria viridis	OrgDb	2025-03-21	NCBI/UniProt	4556	org.Panicum_viride.eg.sqlite
Panonychus citri	Panonychus citri (Citrus red mite, SS)	NA	NA	NA	pcgca014898815v1rs	Panonychus citri	NA	NA	NA	50023	NA
Panthera leo	Lion	NA	NA	NA	pleo	Panthera leo	NA	NA	NA	9689	NA
Panthera onca	Panthera onca	AH120092	Panthera onca	NCBI gene ID based annotations about Panthera onca	NA	NA	OrgDb	2025-03-21	NCBI/UniProt	9690	org.Panthera_onca.eg.sqlite
Panthera tigris altaica	Tiger	NA	NA	NA	ptaltaica	Panthera tigris altaica	NA	NA	NA	74533	NA
Papaver somniferum	Papaver somniferum	AH119583	Papaver somniferum	NCBI gene ID based annotations about Papaver somniferum	psomniferum	Papaver somniferum	OrgDb	2025-03-21	NCBI/UniProt	3469	org.Papaver_somniferum.eg.sqlite
Paragonimus heterotremus	Paragonimus heterotremus	NA	NA	NA	paheteprjna284523	Paragonimus heterotremus	NA	NA	NA	100268	NA
Paragonimus kellicotti	Paragonimus kellicotti	NA	NA	NA	pakellprjna179523	Paragonimus kellicotti	NA	NA	NA	100269	NA
Paragonimus skrjabini miyazakii	Paragonimus skrjabinimiyazakii	NA	NA	NA	paskrjprjna245325	Paragonimus skrjabini miyazakii	NA	NA	NA	59628	NA
Paragonimus westermani	Paragonimus westermani (PRJNA219632)	NA	NA	NA	pawestprjna219632	Paragonimus westermani	NA	NA	NA	34504	NA
Paralinhomoeus sp. GSCO2_6	Paralinhomoeus gsco26	NA	NA	NA	pagscoprjna953805	Paralinhomoeus sp. GSCO2_6	NA	NA	NA	3043723	NA
Paramacrobiotus metropolitanus	Paramacrobiotus metropolitanus	AH121181	Paramacrobiotus metropolitanus	NCBI gene ID based annotations about Paramacrobiotus metropolitanus	pmgca019649055v1rs	Paramacrobiotus metropolitanus	OrgDb	2025-03-21	NCBI/UniProt	2943436	org.Paramacrobiotus_metropolitanus.eg.sqlite
Paramecium aurelia_syngen_4	Paramecium aurelia_syngen_4	AH119897	Paramecium aurelia_syngen_4	NCBI gene ID based annotations about Paramecium aurelia_syngen_4	ptetraurelia	Paramecium tetraurelia	OrgDb	2025-03-21	NCBI/UniProt	5888	org.Paramecium_aurelia_syngen_4.eg.sqlite
Paramormyrops kingsleyae	Paramormyrops kingsleyae	NA	NA	NA	pkingsleyae	Paramormyrops kingsleyae	NA	NA	NA	1676925	NA
Parascaris equorum	Parascaris equorum	NA	NA	NA	paequoprjeb514	Parascaris equorum	NA	NA	NA	6256	NA
Parascaris univalens	Parascaris univalens	NA	NA	NA	paunivprjna386823	Parascaris univalens	NA	NA	NA	6257	NA
Parastagonospora nodorum SN15	Phaeosphaeria nodorum	NA	NA	NA	pnodorum	Parastagonospora nodorum SN15	NA	NA	NA	321614	NA
Parastrongyloides trichosuri	Parastrongyloides trichosuri	NA	NA	NA	patricprjeb515	Parastrongyloides trichosuri	NA	NA	NA	131310	NA
Parelaphostrongylus tenuis	Parelaphostrongylus tenuis	NA	NA	NA	patenuprjna729714	Parelaphostrongylus tenuis	NA	NA	NA	148309	NA
Parus atricapillus	Parus atricapillus	AH121289	Parus atricapillus	NCBI gene ID based annotations about Parus atricapillus	NA	NA	OrgDb	2025-03-21	NCBI/UniProt	48891	org.Parus_atricapillus.eg.sqlite
Parus major	Parus major	AH121390	Parus major	NCBI gene ID based annotations about Parus major	pmajor	Parus major	OrgDb	2025-03-21	NCBI/UniProt	9157	org.Parus_major.eg.sqlite
Patella pellucida	Patella pellucida (Blue-rayed limpet, reference)	NA	NA	NA	ppgca917208275v1	Patella pellucida	NA	NA	NA	88005	NA
Patella vulgata	Patella vulgata	AH121009	Patella vulgata	NCBI gene ID based annotations about Patella vulgata	pvgca932274485v1	Patella vulgata	OrgDb	2025-03-21	NCBI/UniProt	6465	org.Patella_vulgata.eg.sqlite
Pectinophora gossypiella	Pectinophora gossypiella (Pink bollworm)	NA	NA	NA	pggca024362695v1rs	Pectinophora gossypiella	NA	NA	NA	13191	NA
Pediculus humanus corporis	Pediculus humanus corporis (Human body louse, USDA)	NA	NA	NA	phumanus	Pediculus humanus corporis	NA	NA	NA	121224	NA
Pelecanus carbo	Pelecanus carbo	AH121268	Pelecanus carbo	NCBI gene ID based annotations about Pelecanus carbo	NA	NA	OrgDb	2025-03-21	NCBI/UniProt	9209	org.Pelecanus_carbo.eg.sqlite
Pelmatolapia mariae	Pelmatolapia mariae	AH120289	Pelmatolapia mariae	NCBI gene ID based annotations about Pelmatolapia mariae	NA	NA	OrgDb	2025-03-21	NCBI/UniProt	158779	org.Pelmatolapia_mariae.eg.sqlite
Pelodiscus sinensis	Pelodiscus sinensis	AH121044	Pelodiscus sinensis	NCBI gene ID based annotations about Pelodiscus sinensis	psinensis	Pelodiscus sinensis	OrgDb	2025-03-21	NCBI/UniProt	13735	org.Pelodiscus_sinensis.eg.sqlite
Pelteobagrus fulvidraco	Pelteobagrus fulvidraco	AH120186	Pelteobagrus fulvidraco	NCBI gene ID based annotations about Pelteobagrus fulvidraco	NA	NA	OrgDb	2025-03-21	NCBI/UniProt	1234273	org.Pelteobagrus_fulvidraco.eg.sqlite
Pempheris klunzingeri	Pempheris klunzingeri	AH120831	Pempheris klunzingeri	NCBI gene ID based annotations about Pempheris klunzingeri	NA	NA	OrgDb	2025-03-21	NCBI/UniProt	3127111	org.Pempheris_klunzingeri.eg.sqlite
Penaeus bubulus	Penaeus bubulus	AH120412	Penaeus bubulus	NCBI gene ID based annotations about Penaeus bubulus	pmgca015228065v1	Penaeus monodon	OrgDb	2025-03-21	NCBI/UniProt	6687	org.Penaeus_bubulus.eg.sqlite
Perca chuatsi	Perca chuatsi	AH120770	Perca chuatsi	NCBI gene ID based annotations about Perca chuatsi	NA	NA	OrgDb	2025-03-21	NCBI/UniProt	119488	org.Perca_chuatsi.eg.sqlite
Perca fluviatilis	Perca fluviatilis	AH120324	Perca fluviatilis	NCBI gene ID based annotations about Perca fluviatilis	NA	NA	OrgDb	2025-03-21	NCBI/UniProt	8168	org.Perca_fluviatilis.eg.sqlite
Perkinsus marinus_ATCC_50983	Perkinsus marinus_ATCC_50983	AH120605	Perkinsus marinus_ATCC_50983	NCBI gene ID based annotations about Perkinsus marinus_ATCC_50983	NA	NA	OrgDb	2025-03-21	NCBI/UniProt	423536	org.Perkinsus_marinus_ATCC_50983.eg.sqlite
Perognathus longimembris_pacificus	Perognathus longimembris_pacificus	AH120565	Perognathus longimembris_pacificus	NCBI gene ID based annotations about Perognathus longimembris_pacificus	NA	NA	OrgDb	2025-03-21	NCBI/UniProt	214514	org.Perognathus_longimembris_pacificus.eg.sqlite
Peromyscus californicus_insignis	Peromyscus californicus_insignis	AH120368	Peromyscus californicus_insignis	NCBI gene ID based annotations about Peromyscus californicus_insignis	NA	NA	OrgDb	2025-03-21	NCBI/UniProt	564181	org.Peromyscus_californicus_insignis.eg.sqlite
Peromyscus leucopus	Peromyscus leucopus	AH120323	Peromyscus leucopus	NCBI gene ID based annotations about Peromyscus leucopus	NA	NA	OrgDb	2025-03-21	NCBI/UniProt	10041	org.Peromyscus_leucopus.eg.sqlite
Peromyscus maniculatus_bairdii	Peromyscus maniculatus_bairdii	AH120023	Peromyscus maniculatus_bairdii	NCBI gene ID based annotations about Peromyscus maniculatus_bairdii	pmbairdii	Peromyscus maniculatus bairdii	OrgDb	2025-03-21	NCBI/UniProt	230844	org.Peromyscus_maniculatus_bairdii.eg.sqlite
Petaurus breviceps_papuanus	Petaurus breviceps_papuanus	AH120027	Petaurus breviceps_papuanus	NCBI gene ID based annotations about Petaurus breviceps_papuanus	NA	NA	OrgDb	2025-03-21	NCBI/UniProt	3040969	org.Petaurus_breviceps_papuanus.eg.sqlite
Petromyzon marinus	Petromyzon marinus	AH121185	Petromyzon marinus	NCBI gene ID based annotations about Petromyzon marinus	pmarinus	Petromyzon marinus	OrgDb	2025-03-21	NCBI/UniProt	7757	org.Petromyzon_marinus.eg.sqlite
Pezoporus flaviventris	Pezoporus flaviventris	AH121220	Pezoporus flaviventris	NCBI gene ID based annotations about Pezoporus flaviventris	NA	NA	OrgDb	2025-03-21	NCBI/UniProt	889875	org.Pezoporus_flaviventris.eg.sqlite
Pezoporus wallicus	Pezoporus wallicus	AH121342	Pezoporus wallicus	NCBI gene ID based annotations about Pezoporus wallicus	NA	NA	OrgDb	2025-03-21	NCBI/UniProt	35540	org.Pezoporus_wallicus.eg.sqlite
Phacochoerus africanus	Phacochoerus africanus	AH120746	Phacochoerus africanus	NCBI gene ID based annotations about Phacochoerus africanus	NA	NA	OrgDb	2025-03-21	NCBI/UniProt	41426	org.Phacochoerus_africanus.eg.sqlite
Phaeodactylum tricornutum CCAP 1055/1	Phaeodactylum tricornutum	NA	NA	NA	ptricornutum	Phaeodactylum tricornutum CCAP 1055/1	NA	NA	NA	556484	NA
Phalaenopsis equestris	Phalaenopsis equestris	AH121192	Phalaenopsis equestris	NCBI gene ID based annotations about Phalaenopsis equestris	NA	NA	OrgDb	2025-03-21	NCBI/UniProt	78828	org.Phalaenopsis_equestris.eg.sqlite
Phanerochaete chrysosporium RP-78	Phanerochaete chrysosporium	NA	NA	NA	pchrysosporium	Phanerochaete chrysosporium RP-78	NA	NA	NA	273507	NA
Phascum patens	Phascum patens	AH121096	Phascum patens	NCBI gene ID based annotations about Phascum patens	ppatens	Physcomitrium patens	OrgDb	2025-03-21	NCBI/UniProt	3218	org.Phascum_patens.eg.sqlite
Phaseolus angularis	Phaseolus angularis	AH120378	Phaseolus angularis	NCBI gene ID based annotations about Phaseolus angularis	vangularis	Vigna angularis	OrgDb	2025-03-21	NCBI/UniProt	3914	org.Phaseolus_angularis.eg.sqlite
Phaseolus calcaratus	Phaseolus calcaratus	AH120574	Phaseolus calcaratus	NCBI gene ID based annotations about Phaseolus calcaratus	NA	NA	OrgDb	2025-03-21	NCBI/UniProt	87088	org.Phaseolus_calcaratus.eg.sqlite
Phaseolus vulgaris	Phaseolus vulgaris	AH120185	Phaseolus vulgaris	NCBI gene ID based annotations about Phaseolus vulgaris	pvulgaris	Phaseolus vulgaris	OrgDb	2025-03-21	NCBI/UniProt	3885	org.Phaseolus_vulgaris.eg.sqlite
Phlebotomus argentipes	Phlebotomus argentipes (Sand fly)	NA	NA	NA	pagca947086385v1rs	Phlebotomus argentipes	NA	NA	NA	94469	NA
Phlebotomus papatasi	Phlebotomus papatasi (Sand fly, M1)	NA	NA	NA	ppgca024763615v2rs	Phlebotomus papatasi	NA	NA	NA	29031	NA
Phlebotomus perniciosus	Phlebotomus perniciosus (Murcia)	NA	NA	NA	ppgca918844115v2	Phlebotomus perniciosus	NA	NA	NA	13204	NA
Phoca vitulina	Phoca vitulina	AH120732	Phoca vitulina	NCBI gene ID based annotations about Phoca vitulina	NA	NA	OrgDb	2025-03-21	NCBI/UniProt	9720	org.Phoca_vitulina.eg.sqlite
Phocoena crassidens	Phocoena crassidens	AH120361	Phocoena crassidens	NCBI gene ID based annotations about Phocoena crassidens	NA	NA	OrgDb	2025-03-21	NCBI/UniProt	82174	org.Phocoena_crassidens.eg.sqlite
Phocoena sinus	Vaquita	NA	NA	NA	psinus	Phocoena sinus	NA	NA	NA	42100	NA
Phodopus roborovskii	Phodopus roborovskii	AH120919	Phodopus roborovskii	NCBI gene ID based annotations about Phodopus roborovskii	NA	NA	OrgDb	2025-03-21	NCBI/UniProt	109678	org.Phodopus_roborovskii.eg.sqlite
Phoenix dactylifera	Phoenix dactylifera	AH120020	Phoenix dactylifera	NCBI gene ID based annotations about Phoenix dactylifera	NA	NA	OrgDb	2025-03-21	NCBI/UniProt	42345	org.Phoenix_dactylifera.eg.sqlite
Phycodurus eques	Phycodurus eques	AH121130	Phycodurus eques	NCBI gene ID based annotations about Phycodurus eques	NA	NA	OrgDb	2025-03-21	NCBI/UniProt	693459	org.Phycodurus_eques.eg.sqlite
Phyllopteryx taeniolatus	Phyllopteryx taeniolatus	AH120991	Phyllopteryx taeniolatus	NCBI gene ID based annotations about Phyllopteryx taeniolatus	NA	NA	OrgDb	2025-03-21	NCBI/UniProt	161469	org.Phyllopteryx_taeniolatus.eg.sqlite
Phyllostomus discolor	Phyllostomus discolor	AH120360	Phyllostomus discolor	NCBI gene ID based annotations about Phyllostomus discolor	NA	NA	OrgDb	2025-03-21	NCBI/UniProt	89673	org.Phyllostomus_discolor.eg.sqlite
Phyllostomus hastatus	Phyllostomus hastatus	AH120634	Phyllostomus hastatus	NCBI gene ID based annotations about Phyllostomus hastatus	NA	NA	OrgDb	2025-03-21	NCBI/UniProt	9423	org.Phyllostomus_hastatus.eg.sqlite
Physeter catodon	Physeter catodon	AH120596	Physeter catodon	NCBI gene ID based annotations about Physeter catodon	pcatodon	Physeter macrocephalus	OrgDb	2025-03-21	NCBI/UniProt	9755	org.Physeter_catodon.eg.sqlite
Phytophthora cinnamomi	Phytophthora cinnamomi	AH121320	Phytophthora cinnamomi	NCBI gene ID based annotations about Phytophthora cinnamomi	NA	NA	OrgDb	2025-03-21	NCBI/UniProt	4785	org.Phytophthora_cinnamomi.eg.sqlite
Phytophthora infestans_strain_T30-4	Phytophthora infestans_strain_T30-4	AH121380	Phytophthora infestans_strain_T30-4	NCBI gene ID based annotations about Phytophthora infestans_strain_T30-4	pinfestans	Phytophthora infestans T30-4	OrgDb	2025-03-21	NCBI/UniProt	403677	org.Phytophthora_infestans_strain_T30-4.eg.sqlite
Phytophthora kernoviae 00238/432	Phytophthora kernoviae	NA	NA	NA	pkernoviae	Phytophthora kernoviae 00238/432	NA	NA	NA	1284355	NA
Phytophthora lateralis MPF4	Phytophthora lateralis	NA	NA	NA	plateralis	Phytophthora lateralis MPF4	NA	NA	NA	1254522	NA
Phytophthora nicotianae P1569	Phytophthora parasitica	NA	NA	NA	pparasitica	Phytophthora nicotianae P1569	NA	NA	NA	1317065	NA
Phytophthora nicotianae_INRA-310	Phytophthora nicotianae_INRA-310	AH121124	Phytophthora nicotianae_INRA-310	NCBI gene ID based annotations about Phytophthora nicotianae_INRA-310	NA	NA	OrgDb	2025-03-21	NCBI/UniProt	761204	org.Phytophthora_nicotianae_INRA-310.eg.sqlite
Phytophthora ramorum	Phytophthora ramorum	NA	NA	NA	pramorum	Phytophthora ramorum	NA	NA	NA	164328	NA
Phytophthora sojae	Phytophthora sojae	AH120731	Phytophthora sojae	NCBI gene ID based annotations about Phytophthora sojae	psojae	Phytophthora sojae	OrgDb	2025-03-21	NCBI/UniProt	67593	org.Phytophthora_sojae.eg.sqlite
Phytopythium vexans DAOM BR484	Pythium vexans	NA	NA	NA	pvexans	Phytopythium vexans DAOM BR484	NA	NA	NA	1223560	NA
Pimephales promelas	Pimephales promelas	AH120021	Pimephales promelas	NCBI gene ID based annotations about Pimephales promelas	NA	NA	OrgDb	2025-03-21	NCBI/UniProt	90988	org.Pimephales_promelas.eg.sqlite
Pipistrellus deserti	Pipistrellus deserti	AH120638	Pipistrellus deserti	NCBI gene ID based annotations about Pipistrellus deserti	NA	NA	OrgDb	2025-03-21	NCBI/UniProt	59472	org.Pipistrellus_deserti.eg.sqlite
Pipra filicauda	Pipra filicauda	AH121280	Pipra filicauda	NCBI gene ID based annotations about Pipra filicauda	NA	NA	OrgDb	2025-03-21	NCBI/UniProt	649802	org.Pipra_filicauda.eg.sqlite
Pistacia vera	Pistacia vera	AH119831	Pistacia vera	NCBI gene ID based annotations about Pistacia vera	pvera	Pistacia vera	OrgDb	2025-03-21	NCBI/UniProt	55513	org.Pistacia_vera.eg.sqlite
Pisum sativum	Pisum sativum	AH119614	Pisum sativum	NCBI gene ID based annotations about Pisum sativum	psativum	Lathyrus oleraceus	OrgDb	2025-03-21	NCBI/UniProt	3888	org.Pisum_sativum.eg.sqlite
Pituophis catenifer_annectens	Pituophis catenifer_annectens	AH121338	Pituophis catenifer_annectens	NCBI gene ID based annotations about Pituophis catenifer_annectens	NA	NA	OrgDb	2025-03-21	NCBI/UniProt	94852	org.Pituophis_catenifer_annectens.eg.sqlite
Plasmodium berghei ANKA	Plasmodium berghei	NA	NA	NA	pberghei	Plasmodium berghei ANKA	NA	NA	NA	5823	NA
Plasmodium chabaudi chabaudi	Plasmodium chabaudi	NA	NA	NA	pchabaudi	Plasmodium chabaudi chabaudi	NA	NA	NA	31271	NA
Plasmodium falciparum	Plasmodium falciparum	NA	Plasmodium falciparum	NCBI gene ID based annotations about Plasmodium falciparum	pfalciparum	Plasmodium falciparum 3D7	OrgDb	2025-10-29	NCBI/ensembl	36329	org.Pf.plasmo.db
Plasmodium knowlesi strain H	Plasmodium knowlesi	NA	NA	NA	pknowlesi	Plasmodium knowlesi strain H	NA	NA	NA	5851	NA
Plasmodium vivax	Plasmodium vivax	NA	NA	NA	pvivax	Plasmodium vivax	NA	NA	NA	5855	NA
Platichthys flesus	Platichthys flesus	AH119786	Platichthys flesus	NCBI gene ID based annotations about Platichthys flesus	NA	NA	OrgDb	2025-03-21	NCBI/UniProt	8260	org.Platichthys_flesus.eg.sqlite
Platynereis dumerilii	Platynereis dumerilii (Dumeril's clam worm, lab) - GCA_026936325.1 [Community annotation]	NA	NA	NA	pdgca026936325v1cm	Platynereis dumerilii	NA	NA	NA	6359	NA
Platypoecilus maculatus	Platypoecilus maculatus	AH120825	Platypoecilus maculatus	NCBI gene ID based annotations about Platypoecilus maculatus	xmaculatus	Xiphophorus maculatus	OrgDb	2025-03-21	NCBI/UniProt	8083	org.Platypoecilus_maculatus.eg.sqlite
Plenodomus lingam JN3	Leptosphaeria maculans	NA	NA	NA	lmaculans	Plenodomus lingam JN3	NA	NA	NA	985895	NA
Pleurodeles waltlii	Pleurodeles waltlii	AH119649	Pleurodeles waltlii	NCBI gene ID based annotations about Pleurodeles waltlii	NA	NA	OrgDb	2025-03-21	NCBI/UniProt	8319	org.Pleurodeles_waltlii.eg.sqlite
Pleuronectes maximus	Pleuronectes maximus	AH120880	Pleuronectes maximus	NCBI gene ID based annotations about Pleuronectes maximus	smaximus	Scophthalmus maximus	OrgDb	2025-03-21	NCBI/UniProt	52904	org.Pleuronectes_maximus.eg.sqlite
Pleuronectes platessa	Pleuronectes platessa	AH119966	Pleuronectes platessa	NCBI gene ID based annotations about Pleuronectes platessa	NA	NA	OrgDb	2025-03-21	NCBI/UniProt	8262	org.Pleuronectes_platessa.eg.sqlite
Pleuronectes solea	Pleuronectes solea	AH120005	Pleuronectes solea	NCBI gene ID based annotations about Pleuronectes solea	NA	NA	OrgDb	2025-03-21	NCBI/UniProt	90069	org.Pleuronectes_solea.eg.sqlite
Plodia interpunctella	Plodia interpunctella (Indianmeal moth, USDA-ARS_2022_Savannah)	NA	NA	NA	pigca027563975v1rs	Plodia interpunctella	NA	NA	NA	58824	NA
Pneumatophorus japonicus	Pneumatophorus japonicus	AH120316	Pneumatophorus japonicus	NCBI gene ID based annotations about Pneumatophorus japonicus	NA	NA	OrgDb	2025-03-21	NCBI/UniProt	13676	org.Pneumatophorus_japonicus.eg.sqlite
Podarcis muralis	Common wall lizard	NA	NA	NA	pmuralis	Podarcis muralis	NA	NA	NA	64176	NA
Poecilia mexicana	Poecilia mexicana	AH120427	Poecilia mexicana	NCBI gene ID based annotations about Poecilia mexicana	NA	NA	OrgDb	2025-03-21	NCBI/UniProt	48701	org.Poecilia_mexicana.eg.sqlite
Poeciliopsis prolifica	Poeciliopsis prolifica	AH120656	Poeciliopsis prolifica	NCBI gene ID based annotations about Poeciliopsis prolifica	NA	NA	OrgDb	2025-03-21	NCBI/UniProt	188132	org.Poeciliopsis_prolifica.eg.sqlite
Poephila guttata	Poephila guttata	AH121188	Poephila guttata	NCBI gene ID based annotations about Poephila guttata	tguttata	Taeniopygia guttata	OrgDb	2025-03-21	NCBI/UniProt	59729	org.Poephila_guttata.eg.sqlite
Pogonomyrmex barbatus	Pogonomyrmex barbatus (Red harvester ant)	NA	NA	NA	pbgca000187915v1rs	Pogonomyrmex barbatus	NA	NA	NA	144034	NA
Polistes canadensis	Polistes canadensis (Red paper wasp, GaletaPanama2010)	NA	NA	NA	pcgca001313835v1rs	Polistes canadensis	NA	NA	NA	91411	NA
Polistes dominula	Polistes dominula (European paper wasp, PdomPennStateAug2009)	NA	NA	NA	pdgca001465965v1rs	Polistes dominula	NA	NA	NA	743375	NA
Polistes fuscatus	Polistes fuscatus (Common paper wasp, 324)	NA	NA	NA	pfgca010416935v1rs	Polistes fuscatus	NA	NA	NA	30207	NA
Pollicipes cornucopia	Pollicipes cornucopia	AH120981	Pollicipes cornucopia	NCBI gene ID based annotations about Pollicipes cornucopia	ppgca011947565v2	Pollicipes pollicipes	OrgDb	2025-03-21	NCBI/UniProt	41117	org.Pollicipes_cornucopia.eg.sqlite
Polyodon spathula	Polyodon spathula	AH119998	Polyodon spathula	NCBI gene ID based annotations about Polyodon spathula	NA	NA	OrgDb	2025-03-21	NCBI/UniProt	7913	org.Polyodon_spathula.eg.sqlite
Polypterus senegalus	Polypterus senegalus	AH120614	Polypterus senegalus	NCBI gene ID based annotations about Polypterus senegalus	NA	NA	OrgDb	2025-03-21	NCBI/UniProt	55291	org.Polypterus_senegalus.eg.sqlite
Pomacea canaliculata	Pomacea canaliculata	AH121058	Pomacea canaliculata	NCBI gene ID based annotations about Pomacea canaliculata	pcgca003073045v1	Pomacea canaliculata	OrgDb	2025-03-21	NCBI/UniProt	400727	org.Pomacea_canaliculata.eg.sqlite
Pomacentrus partitus	Pomacentrus partitus	AH121094	Pomacentrus partitus	NCBI gene ID based annotations about Pomacentrus partitus	spartitus	Stegastes partitus	OrgDb	2025-03-21	NCBI/UniProt	144197	org.Pomacentrus_partitus.eg.sqlite
Pomphorhynchus laevis	Pomphorhynchus laevis (Thorny-headed worm, GPI110)	NA	NA	NA	plgca012934845v2gb	Pomphorhynchus laevis	NA	NA	NA	141832	NA
Pongo abelii	Pongo abelii	AH119837	Pongo abelii	NCBI gene ID based annotations about Pongo abelii	pabelii	Pongo abelii	OrgDb	2025-03-21	NCBI/UniProt	9601	org.Pongo_abelii.eg.sqlite
Pongo pygmaeus	Pongo pygmaeus	AH119985	Pongo pygmaeus	NCBI gene ID based annotations about Pongo pygmaeus	NA	NA	OrgDb	2025-03-21	NCBI/UniProt	9600	org.Pongo_pygmaeus.eg.sqlite
Populus alba	Populus alba	AH120024	Populus alba	NCBI gene ID based annotations about Populus alba	NA	NA	OrgDb	2025-03-21	NCBI/UniProt	43335	org.Populus_alba.eg.sqlite
Populus balsamifera_subsp._trichocarpa	Populus balsamifera_subsp._trichocarpa	AH120142	Populus balsamifera_subsp._trichocarpa	NCBI gene ID based annotations about Populus balsamifera_subsp._trichocarpa	ptrichocarpa	Populus trichocarpa	OrgDb	2025-03-21	NCBI/UniProt	3694	org.Populus_balsamifera_subsp._trichocarpa.eg.sqlite
Populus diversifolia	Populus diversifolia	AH120066	Populus diversifolia	NCBI gene ID based annotations about Populus diversifolia	NA	NA	OrgDb	2025-03-21	NCBI/UniProt	75702	org.Populus_diversifolia.eg.sqlite
Populus nigra	Populus nigra	AH119938	Populus nigra	NCBI gene ID based annotations about Populus nigra	NA	NA	OrgDb	2025-03-21	NCBI/UniProt	3691	org.Populus_nigra.eg.sqlite
Presbytis francoisi	Presbytis francoisi	AH119967	Presbytis francoisi	NCBI gene ID based annotations about Presbytis francoisi	NA	NA	OrgDb	2025-03-21	NCBI/UniProt	54180	org.Presbytis_francoisi.eg.sqlite
Priapulus caudatus	Priapulus caudatus (Penis worm)	NA	NA	NA	pcgca000485595v2	Priapulus caudatus	NA	NA	NA	37621	NA
Pristionchus arcanus	Pristionchus arcanus	NA	NA	NA	prarcaprjeb27334	Pristionchus arcanus	NA	NA	NA	1195655	NA
Pristionchus entomophagus	Pristionchus entomophagus	NA	NA	NA	prentoprjeb27334	Pristionchus entomophagus	NA	NA	NA	358040	NA
Pristionchus exspectatus	Pristionchus exspectatus	NA	NA	NA	prexspprjeb46690	Pristionchus exspectatus	NA	NA	NA	1195656	NA
Pristionchus fissidentatus	Pristionchus fissidentatus	NA	NA	NA	prfissprjeb27334	Pristionchus fissidentatus	NA	NA	NA	1538716	NA
Pristionchus japonicus	Pristionchus japonicus	NA	NA	NA	prjapoprjeb27334	Pristionchus japonicus	NA	NA	NA	1195657	NA
Pristionchus maxplancki	Pristionchus maxplancki	NA	NA	NA	prmaxpprjeb27334	Pristionchus maxplancki	NA	NA	NA	1317128	NA
Pristionchus mayeri	Pristionchus mayeri	NA	NA	NA	prmayeprjeb27334	Pristionchus mayeri	NA	NA	NA	1317129	NA
Pristionchus pacificus	Pristionchus pacificus	NA	NA	NA	prpaciprjna12644	Pristionchus pacificus	NA	NA	NA	54126	NA
Pristiophorus japonicus	Pristiophorus japonicus	AH119665	Pristiophorus japonicus	NCBI gene ID based annotations about Pristiophorus japonicus	NA	NA	OrgDb	2025-03-21	NCBI/UniProt	55135	org.Pristiophorus_japonicus.eg.sqlite
Pristis pectinata	Pristis pectinata	AH121249	Pristis pectinata	NCBI gene ID based annotations about Pristis pectinata	NA	NA	OrgDb	2025-03-21	NCBI/UniProt	685728	org.Pristis_pectinata.eg.sqlite
Procavia capensis	Hyrax	NA	NA	NA	pcapensis	Procavia capensis	NA	NA	NA	9813	NA
Prolemur simus	Greater bamboo lemur	NA	NA	NA	psimus	Prolemur simus	NA	NA	NA	1328070	NA
Propithecus coquereli	Propithecus coquereli	AH121156	Propithecus coquereli	NCBI gene ID based annotations about Propithecus coquereli	pcoquereli	Propithecus coquereli	OrgDb	2025-03-21	NCBI/UniProt	379532	org.Propithecus_coquereli.eg.sqlite
Prosopis alba	Prosopis alba	AH119689	Prosopis alba	NCBI gene ID based annotations about Prosopis alba	NA	NA	OrgDb	2025-03-21	NCBI/UniProt	207710	org.Prosopis_alba.eg.sqlite
Protobothrops mucrosquamatus	Protobothrops mucrosquamatus	AH121177	Protobothrops mucrosquamatus	NCBI gene ID based annotations about Protobothrops mucrosquamatus	NA	NA	OrgDb	2025-03-21	NCBI/UniProt	103944	org.Protobothrops_mucrosquamatus.eg.sqlite
Protopolystoma xenopodis	Protopolystoma xenopodis	NA	NA	NA	prxenoprjeb1201	Protopolystoma xenopodis	NA	NA	NA	117903	NA
Psammomys obesus	Psammomys obesus	AH120724	Psammomys obesus	NCBI gene ID based annotations about Psammomys obesus	NA	NA	OrgDb	2025-03-21	NCBI/UniProt	48139	org.Psammomys_obesus.eg.sqlite
Pseudo-nitzschia multistriata	Pseudo-nitzschia multistriata	NA	NA	NA	pmultistriata	Pseudo-nitzschia multistriata	NA	NA	NA	183589	NA
Pseudochaenichthys georgianus	Pseudochaenichthys georgianus	AH120441	Pseudochaenichthys georgianus	NCBI gene ID based annotations about Pseudochaenichthys georgianus	NA	NA	OrgDb	2025-03-21	NCBI/UniProt	52239	org.Pseudochaenichthys_georgianus.eg.sqlite
Pseudoliparis swirei	Pseudoliparis swirei	AH120983	Pseudoliparis swirei	NCBI gene ID based annotations about Pseudoliparis swirei	NA	NA	OrgDb	2025-03-21	NCBI/UniProt	2059687	org.Pseudoliparis_swirei.eg.sqlite
Pseudonaja textilis	Eastern brown snake	NA	NA	NA	ptextilis	Pseudonaja textilis	NA	NA	NA	8673	NA
Pseudophryne corroboree	Pseudophryne corroboree	AH119540	Pseudophryne corroboree	NCBI gene ID based annotations about Pseudophryne corroboree	NA	NA	OrgDb	2025-03-21	NCBI/UniProt	495146	org.Pseudophryne_corroboree.eg.sqlite
Pterocnemia pennata	Pterocnemia pennata	AH121361	Pterocnemia pennata	NCBI gene ID based annotations about Pterocnemia pennata	NA	NA	OrgDb	2025-03-21	NCBI/UniProt	8795	org.Pterocnemia_pennata.eg.sqlite
Pteronotus mesoamericanus	Pteronotus mesoamericanus	AH120790	Pteronotus mesoamericanus	NCBI gene ID based annotations about Pteronotus mesoamericanus	NA	NA	OrgDb	2025-03-21	NCBI/UniProt	1884717	org.Pteronotus_mesoamericanus.eg.sqlite
Pteropus alecto	Pteropus alecto	AH119948	Pteropus alecto	NCBI gene ID based annotations about Pteropus alecto	NA	NA	OrgDb	2025-03-21	NCBI/UniProt	9402	org.Pteropus_alecto.eg.sqlite
Pteropus egyptiacus	Pteropus egyptiacus	AH120016	Pteropus egyptiacus	NCBI gene ID based annotations about Pteropus egyptiacus	NA	NA	OrgDb	2025-03-21	NCBI/UniProt	9407	org.Pteropus_egyptiacus.eg.sqlite
Pteropus medius	Pteropus medius	AH119832	Pteropus medius	NCBI gene ID based annotations about Pteropus medius	NA	NA	OrgDb	2025-03-21	NCBI/UniProt	143291	org.Pteropus_medius.eg.sqlite
Ptychodera erythraea	Ptychodera erythraea	AH119929	Ptychodera erythraea	NCBI gene ID based annotations about Ptychodera erythraea	NA	NA	OrgDb	2025-03-21	NCBI/UniProt	63121	org.Ptychodera_erythraea.eg.sqlite
Ptycholaimellus sp. GST1_10	Ptycholaimellus gssp. T110	NA	NA	NA	ptgst1prjna953805	Ptycholaimellus sp. GST1_10	NA	NA	NA	3043725	NA
Puccinia graminis f. sp. tritici 04KEN156/4	Puccinia graminis Ug99	NA	NA	NA	pgraminisug99	Puccinia graminis f. sp. tritici 04KEN156/4	NA	NA	NA	1040990	NA
Puccinia graminis f. sp. tritici CRL 75-36-700-3	Puccinia graminis	NA	NA	NA	pgraminis	Puccinia graminis f. sp. tritici CRL 75-36-700-3	NA	NA	NA	418459	NA
Puccinia striiformis f. sp. tritici PST-130	Puccinia striiformis f. sp. tritici PST-130 str. Race 130	NA	NA	NA	pstriiformis	Puccinia striiformis f. sp. tritici PST-130	NA	NA	NA	875184	NA
Puccinia striiformis_f._sp._tritici	Puccinia striiformis_f._sp._tritici	AH121495	Puccinia striiformis_f._sp._tritici	NCBI gene ID based annotations about Puccinia striiformis_f._sp._tritici	NA	NA	OrgDb	2025-03-21	NCBI/UniProt	168172	org.Puccinia_striiformis_f._sp._tritici.eg.sqlite
Puccinia triticina 1-1 BBBD Race 1	Puccinia triticina	NA	NA	NA	ptriticina	Puccinia triticina 1-1 BBBD Race 1	NA	NA	NA	630390	NA
Punica granatum	Punica granatum	AH120611	Punica granatum	NCBI gene ID based annotations about Punica granatum	NA	NA	OrgDb	2025-03-21	NCBI/UniProt	22663	org.Punica_granatum.eg.sqlite
Pygathrix bieti	Pygathrix bieti	AH120234	Pygathrix bieti	NCBI gene ID based annotations about Pygathrix bieti	rbieti	Rhinopithecus bieti	OrgDb	2025-03-21	NCBI/UniProt	61621	org.Pygathrix_bieti.eg.sqlite
Pygathrix roxellana	Pygathrix roxellana	AH120119	Pygathrix roxellana	NCBI gene ID based annotations about Pygathrix roxellana	rroxellana	Rhinopithecus roxellana	OrgDb	2025-03-21	NCBI/UniProt	61622	org.Pygathrix_roxellana.eg.sqlite
Pygocentrus nattereri	Red-bellied piranha	NA	NA	NA	pnattereri	Pygocentrus nattereri	NA	NA	NA	42514	NA
Pyrenophora teres f. teres 0-1	Pyrenophora teres	NA	NA	NA	pteres	Pyrenophora teres f. teres 0-1	NA	NA	NA	861557	NA
Pyrenophora tritici-repentis Pt-1C-BFP	Pyrenophora tritici-repentis Pt-1C-BFP	NA	NA	NA	ptriticirepentis	Pyrenophora tritici-repentis Pt-1C-BFP	NA	NA	NA	426418	NA
Pyricularia oryzae	Magnaporthe oryzae	NA	NA	NA	poryzae	Pyricularia oryzae	NA	NA	NA	318829	NA
Pyricularia oryzae 70-15	Magnaporthe oryzae	NA	NA	NA	moryzae	Pyricularia oryzae 70-15	NA	NA	NA	242507	NA
Pyrus balansae	Pyrus balansae	AH119829	Pyrus balansae	NCBI gene ID based annotations about Pyrus balansae	NA	NA	OrgDb	2025-03-21	NCBI/UniProt	23211	org.Pyrus_balansae.eg.sqlite
Pyrus x_bretschneideri	Pyrus x_bretschneideri	AH119799	Pyrus x_bretschneideri	NCBI gene ID based annotations about Pyrus x_bretschneideri	NA	NA	OrgDb	2025-03-21	NCBI/UniProt	225117	org.Pyrus_x_bretschneideri.eg.sqlite
Pythium aphanidermatum DAOM BR444	Pythium aphanidermatum	NA	NA	NA	paphanidermatum	Pythium aphanidermatum DAOM BR444	NA	NA	NA	1223555	NA
Pythium arrhenomanes ATCC 12531	Pythium arrhenomanes	NA	NA	NA	parrhenomanes	Pythium arrhenomanes ATCC 12531	NA	NA	NA	1223556	NA
Python bivittatus	Python bivittatus	AH121171	Python bivittatus	NCBI gene ID based annotations about Python bivittatus	NA	NA	OrgDb	2025-03-21	NCBI/UniProt	176946	org.Python_bivittatus.eg.sqlite
Quercus lobata	Quercus lobata	AH119776	Quercus lobata	NCBI gene ID based annotations about Quercus lobata	qlobata	Quercus lobata	OrgDb	2025-03-21	NCBI/UniProt	97700	org.Quercus_lobata.eg.sqlite
Quercus robur	Quercus robur	AH119781	Quercus robur	NCBI gene ID based annotations about Quercus robur	NA	NA	OrgDb	2025-03-21	NCBI/UniProt	38942	org.Quercus_robur.eg.sqlite
Quercus suber	Quercus suber	AH119805	Quercus suber	NCBI gene ID based annotations about Quercus suber	qsuber	Quercus suber	OrgDb	2025-03-21	NCBI/UniProt	58331	org.Quercus_suber.eg.sqlite
Rana temporaria	Rana temporaria	AH119952	Rana temporaria	NCBI gene ID based annotations about Rana temporaria	NA	NA	OrgDb	2025-03-21	NCBI/UniProt	8407	org.Rana_temporaria.eg.sqlite
Raphanus sativus	Raphanus sativus	AH119618	Raphanus sativus	NCBI gene ID based annotations about Raphanus sativus	NA	NA	OrgDb	2025-03-21	NCBI/UniProt	3726	org.Raphanus_sativus.eg.sqlite
Rhabditophanes sp. KR3021	Rhabditophanes sp. KR3021	NA	NA	NA	rhkr30prjeb1297	Rhabditophanes sp. KR3021	NA	NA	NA	114890	NA
Rhagoletis pomonella	Rhagoletis pomonella	AH121010	Rhagoletis pomonella	NCBI gene ID based annotations about Rhagoletis pomonella	rpgca013731165v1	Rhagoletis pomonella	OrgDb	2025-03-21	NCBI/UniProt	28610	org.Rhagoletis_pomonella.eg.sqlite
Rhagoletis zephyria	Rhagoletis zephyria	AH120712	Rhagoletis zephyria	NCBI gene ID based annotations about Rhagoletis zephyria	NA	NA	OrgDb	2025-03-21	NCBI/UniProt	28612	org.Rhagoletis_zephyria.eg.sqlite
Rhamnus zizyphus	Rhamnus zizyphus	AH120254	Rhamnus zizyphus	NCBI gene ID based annotations about Rhamnus zizyphus	NA	NA	OrgDb	2025-03-21	NCBI/UniProt	326968	org.Rhamnus_zizyphus.eg.sqlite
Rhincodon typus	Rhincodon typus	AH120986	Rhincodon typus	NCBI gene ID based annotations about Rhincodon typus	NA	NA	OrgDb	2025-03-21	NCBI/UniProt	259920	org.Rhincodon_typus.eg.sqlite
Rhinichthys klamathensis_goyatoka	Rhinichthys klamathensis_goyatoka	AH119977	Rhinichthys klamathensis_goyatoka	NCBI gene ID based annotations about Rhinichthys klamathensis_goyatoka	NA	NA	OrgDb	2025-03-21	NCBI/UniProt	3034132	org.Rhinichthys_klamathensis_goyatoka.eg.sqlite
Rhinolophus ferrumequinum	Greater horseshoe bat	NA	NA	NA	rferrumequinum	Rhinolophus ferrumequinum	NA	NA	NA	59479	NA
Rhodamnia argentea	Rhodamnia argentea	AH120713	Rhodamnia argentea	NCBI gene ID based annotations about Rhodamnia argentea	NA	NA	OrgDb	2025-03-21	NCBI/UniProt	178133	org.Rhodamnia_argentea.eg.sqlite
Rhodnius prolixus	Rhodnius prolixus (Kissing bug, CDC) - GCA_000181055.3	NA	NA	NA	rprolixus	Rhodnius prolixus	NA	NA	NA	13249	NA
Rhododendron vialii	Rhododendron vialii	AH119933	Rhododendron vialii	NCBI gene ID based annotations about Rhododendron vialii	NA	NA	OrgDb	2025-03-21	NCBI/UniProt	182163	org.Rhododendron_vialii.eg.sqlite
Rhopalosiphum maidis	Rhopalosiphum maidis (Corn leaf aphid, BTI-1)	NA	NA	NA	rmgca003676215v3	Rhopalosiphum maidis	NA	NA	NA	43146	NA
Rhynchonema sp. JSB1_4	Rhynchonema jsb14	NA	NA	NA	rhjsb1prjna953805	Rhynchonema sp. JSB1_4	NA	NA	NA	3043720	NA
Ricinus communis	Ricinus communis	AH120987	Ricinus communis	NCBI gene ID based annotations about Ricinus communis	NA	NA	OrgDb	2025-03-21	NCBI/UniProt	3988	org.Ricinus_communis.eg.sqlite
Rodentolepis nana	Hymenolepis nana	NA	NA	NA	hynanaprjeb508	Rodentolepis nana	NA	NA	NA	102285	NA
Romanomermis culicivorax	Romanomermis culicivorax	NA	NA	NA	roculiprjeb1358	Romanomermis culicivorax	NA	NA	NA	13658	NA
Rosa chinensis	Rosa chinensis	AH119849	Rosa chinensis	NCBI gene ID based annotations about Rosa chinensis	rchinensis	Rosa chinensis	OrgDb	2025-03-21	NCBI/UniProt	74649	org.Rosa_chinensis.eg.sqlite
Rosa rugosa	Rosa rugosa	AH119879	Rosa rugosa	NCBI gene ID based annotations about Rosa rugosa	NA	NA	OrgDb	2025-03-21	NCBI/UniProt	74645	org.Rosa_rugosa.eg.sqlite
Ruditapes philippinarum	Ruditapes philippinarum	AH119735	Ruditapes philippinarum	NCBI gene ID based annotations about Ruditapes philippinarum	NA	NA	OrgDb	2025-03-21	NCBI/UniProt	129788	org.Ruditapes_philippinarum.eg.sqlite
Rutidosis leptorhynchoides	Rutidosis leptorhynchoides	AH119616	Rutidosis leptorhynchoides	NCBI gene ID based annotations about Rutidosis leptorhynchoides	NA	NA	OrgDb	2025-03-21	NCBI/UniProt	125765	org.Rutidosis_leptorhynchoides.eg.sqlite
Sabatieria punctata	Sabatieria punctata	NA	NA	NA	sapuncprjna953805	Sabatieria punctata	NA	NA	NA	320140	NA
Saccharomyces cerevisiae	Saccharomyces cerevisiae	AH121960	Saccharomyces cerevisiae	NCBI gene ID based annotations about Saccharomyces cerevisiae	scerevisiae	Saccharomyces cerevisiae S288C	OrgDb	2025-10-29	NCBI/ensembl	559292	org.Sc.sgd.db.sqlite
Saccharum spontaneum	Saccharum spontaneum	NA	NA	NA	sspontaneum	Saccharum spontaneum	NA	NA	NA	62335	NA
Saccopteryx bilineata	Saccopteryx bilineata	AH120299	Saccopteryx bilineata	NCBI gene ID based annotations about Saccopteryx bilineata	NA	NA	OrgDb	2025-03-21	NCBI/UniProt	59482	org.Saccopteryx_bilineata.eg.sqlite
Saccopteryx leptura	Saccopteryx leptura	AH120320	Saccopteryx leptura	NCBI gene ID based annotations about Saccopteryx leptura	NA	NA	OrgDb	2025-03-21	NCBI/UniProt	249018	org.Saccopteryx_leptura.eg.sqlite
Saimiri boliviensis	Saimiri boliviensis	AH120236	Saimiri boliviensis	NCBI gene ID based annotations about Saimiri boliviensis	NA	NA	OrgDb	2025-03-21	NCBI/UniProt	27679	org.Saimiri_boliviensis.eg.sqlite
Saimiri boliviensis boliviensis	Bolivian squirrel monkey	NA	NA	NA	sbboliviensis	Saimiri boliviensis boliviensis	NA	NA	NA	39432	NA
Salmo alpinus	Salmo alpinus	AH119675	Salmo alpinus	NCBI gene ID based annotations about Salmo alpinus	NA	NA	OrgDb	2025-03-21	NCBI/UniProt	8036	org.Salmo_alpinus.eg.sqlite
Salmo fontinalis	Salmo fontinalis	AH119645	Salmo fontinalis	NCBI gene ID based annotations about Salmo fontinalis	NA	NA	OrgDb	2025-03-21	NCBI/UniProt	8038	org.Salmo_fontinalis.eg.sqlite
Salmo namaycush	Salmo namaycush	AH119720	Salmo namaycush	NCBI gene ID based annotations about Salmo namaycush	NA	NA	OrgDb	2025-03-21	NCBI/UniProt	8040	org.Salmo_namaycush.eg.sqlite
Salmo salar	Salmo salar	AH119615	Salmo salar	NCBI gene ID based annotations about Salmo salar	ssalar	Salmo salar	OrgDb	2025-03-21	NCBI/UniProt	8030	org.Salmo_salar.eg.sqlite
Salmo trutta	Salmo trutta	AH119631	Salmo trutta	NCBI gene ID based annotations about Salmo trutta	strutta	Salmo trutta	OrgDb	2025-03-21	NCBI/UniProt	8032	org.Salmo_trutta.eg.sqlite
Salvator merianae	Argentine black and white tegu	NA	NA	NA	smerianae	Salvator merianae	NA	NA	NA	96440	NA
Salvelinus sp._IW2-2015	Salvelinus sp._IW2-2015	AH119708	Salvelinus sp._IW2-2015	NCBI gene ID based annotations about Salvelinus sp._IW2-2015	NA	NA	OrgDb	2025-03-21	NCBI/UniProt	2691554	org.Salvelinus_sp._IW2-2015.eg.sqlite
Salvia hispanica	Salvia hispanica	AH119903	Salvia hispanica	NCBI gene ID based annotations about Salvia hispanica	NA	NA	OrgDb	2025-03-21	NCBI/UniProt	49212	org.Salvia_hispanica.eg.sqlite
Salvia miltiorhiza	Salvia miltiorhiza	AH119833	Salvia miltiorhiza	NCBI gene ID based annotations about Salvia miltiorhiza	NA	NA	OrgDb	2025-03-21	NCBI/UniProt	226208	org.Salvia_miltiorhiza.eg.sqlite
Salvia splendens	Salvia splendens	AH119604	Salvia splendens	NCBI gene ID based annotations about Salvia splendens	NA	NA	OrgDb	2025-03-21	NCBI/UniProt	180675	org.Salvia_splendens.eg.sqlite
Saprolegnia parasitica_CBS_223.65	Saprolegnia parasitica_CBS_223.65	AH121298	Saprolegnia parasitica_CBS_223.65	NCBI gene ID based annotations about Saprolegnia parasitica_CBS_223.65	NA	NA	OrgDb	2025-03-21	NCBI/UniProt	695850	org.Saprolegnia_parasitica_CBS_223.65.eg.sqlite
Sarcophilus harrisii	Sarcophilus harrisii	AH120856	Sarcophilus harrisii	NCBI gene ID based annotations about Sarcophilus harrisii	sharrisii	Sarcophilus harrisii	OrgDb	2025-03-21	NCBI/UniProt	9305	org.Sarcophilus_harrisii.eg.sqlite
Sarcoptes scabiei	Sarcoptes scabiei (Itch mite, SSS_KF_BRIS2020)	NA	NA	NA	sscabiei	Sarcoptes scabiei	NA	NA	NA	52283	NA
Scaphiopus bombifrons	Scaphiopus bombifrons	AH119806	Scaphiopus bombifrons	NCBI gene ID based annotations about Scaphiopus bombifrons	NA	NA	OrgDb	2025-03-21	NCBI/UniProt	233779	org.Scaphiopus_bombifrons.eg.sqlite
Sceloporus undulatus	Sceloporus undulatus	AH121114	Sceloporus undulatus	NCBI gene ID based annotations about Sceloporus undulatus	NA	NA	OrgDb	2025-03-21	NCBI/UniProt	8520	org.Sceloporus_undulatus.eg.sqlite
Schistocephalus solidus	Schistocephalus solidus	NA	NA	NA	scsoliprjeb527	Schistocephalus solidus	NA	NA	NA	70667	NA
Schistocerca americana	Schistocerca americana	AH119588	Schistocerca americana	NCBI gene ID based annotations about Schistocerca americana	sagca021461395v2rs	Schistocerca americana	OrgDb	2025-03-21	NCBI/UniProt	7009	org.Schistocerca_americana.eg.sqlite
Schistosoma bovis	Schistosoma bovis (PRJNA451066)	NA	NA	NA	scboviprjna451066	Schistosoma bovis	NA	NA	NA	6184	NA
Schistosoma curassoni	Schistosoma curassoni (PRJEB44434)	NA	NA	NA	sccuraprjeb44434	Schistosoma curassoni	NA	NA	NA	6186	NA
Schistosoma guineensis	Schistosoma guineensis	NA	NA	NA	scguinprjeb44434	Schistosoma guineensis	NA	NA	NA	393876	NA
Schistosoma haematobium	Schistosoma haematobium (TD2PRJEB44434)	NA	NA	NA	schhaetd2	Schistosoma haematobium	NA	NA	NA	6185	NA
Schistosoma intercalatum	Schistosoma intercalatum (TD2PRJEB44434)	NA	NA	NA	schinttd2	Schistosoma intercalatum	NA	NA	NA	6187	NA
Schistosoma japonicum	Schistosoma japonicum (PRJEA34885)	NA	NA	NA	scjapoprjea34885	Schistosoma japonicum	NA	NA	NA	6182	NA
Schistosoma mansoni	Schistosoma mansoni	NA	NA	NA	scmansprjea36577	Schistosoma mansoni	NA	NA	NA	6183	NA
Schistosoma margrebowiei	Schistosoma margrebowiei	NA	NA	NA	scmargprjeb44434	Schistosoma margrebowiei	NA	NA	NA	48269	NA
Schistosoma mattheei	Schistosoma mattheei	NA	NA	NA	scmattprjeb44434	Schistosoma mattheei	NA	NA	NA	31246	NA
Schistosoma rodhaini	Schistosoma rodhaini (TD2PRJEB44434)	NA	NA	NA	schrodtd2	Schistosoma rodhaini	NA	NA	NA	6188	NA
Schistosoma spindalis	Schistosoma spindale	NA	NA	NA	scspinprjeb44434	Schistosoma spindalis	NA	NA	NA	6189	NA
Schistosoma turkestanicum	Schistosoma turkestanicum	NA	NA	NA	scturkprjeb44434	Schistosoma turkestanicum	NA	NA	NA	1163369	NA
Schizoporella aterrima_var._subatra	Schizoporella aterrima_var._subatra	AH120998	Schizoporella aterrima_var._subatra	NCBI gene ID based annotations about Schizoporella aterrima_var._subatra	NA	NA	OrgDb	2025-03-21	NCBI/UniProt	2589382	org.Schizoporella_aterrima_var._subatra.eg.sqlite
Schizosaccharomyces cryophilus OY26	Schizosaccharomyces cryophilus	NA	NA	NA	scryophilus	Schizosaccharomyces cryophilus OY26	NA	NA	NA	653667	NA
Schizosaccharomyces japonicus yFS275	Schizosaccharomyces japonicus	NA	NA	NA	sjaponicus	Schizosaccharomyces japonicus yFS275	NA	NA	NA	402676	NA
Schizosaccharomyces octosporus yFS286	Schizosaccharomyces octosporus	NA	NA	NA	soctosporus	Schizosaccharomyces octosporus yFS286	NA	NA	NA	483514	NA
Schizosaccharomyces pombe 972h-	Schizosaccharomyces pombe	NA	NA	NA	spombe	Schizosaccharomyces pombe 972h-	NA	NA	NA	284812	NA
Schmidtea mediterranea	Schmidtea mediterranea (S2F19H2PRJNA885486)	NA	NA	NA	smedh2prjna885486	Schmidtea mediterranea	NA	NA	NA	79327	NA
Schmidtea nova	Schmidtea nova (Flatworm, GOE00023_SP068/2)	NA	NA	NA	sngca044892505v1cm	Schmidtea nova	NA	NA	NA	163373	NA
Schmidtea polychroa	Schmidtea polychroa (Flatworm, GOE00227_SP189)	NA	NA	NA	spgca044892525v1cm	Schmidtea polychroa	NA	NA	NA	50054	NA
Sciaena jaculatrix	Sciaena jaculatrix	AH120929	Sciaena jaculatrix	NCBI gene ID based annotations about Sciaena jaculatrix	NA	NA	OrgDb	2025-03-21	NCBI/UniProt	941984	org.Sciaena_jaculatrix.eg.sqlite
Sciurus vulgaris	Eurasian red squirrel	NA	NA	NA	svulgaris	Sciurus vulgaris	NA	NA	NA	55149	NA
Sclerotinia sclerotiorum 1980 UF-70	Sclerotinia sclerotiorum	NA	NA	NA	ssclerotiorum	Sclerotinia sclerotiorum 1980 UF-70	NA	NA	NA	665079	NA
Scomber scomber	Scomber scomber	AH120503	Scomber scomber	NCBI gene ID based annotations about Scomber scomber	NA	NA	OrgDb	2025-03-21	NCBI/UniProt	13677	org.Scomber_scomber.eg.sqlite
Scomber thynnus	Scomber thynnus	AH120200	Scomber thynnus	NCBI gene ID based annotations about Scomber thynnus	NA	NA	OrgDb	2025-03-21	NCBI/UniProt	8237	org.Scomber_thynnus.eg.sqlite
Scyliorhinus canicula	Scyliorhinus canicula	AH120636	Scyliorhinus canicula	NCBI gene ID based annotations about Scyliorhinus canicula	NA	NA	OrgDb	2025-03-21	NCBI/UniProt	7830	org.Scyliorhinus_canicula.eg.sqlite
Scylla paramamosain	Scylla paramamosain	AH120753	Scylla paramamosain	NCBI gene ID based annotations about Scylla paramamosain	NA	NA	OrgDb	2025-03-21	NCBI/UniProt	85552	org.Scylla_paramamosain.eg.sqlite
Scypha ciliata	Scypha ciliata	AH120877	Scypha ciliata	NCBI gene ID based annotations about Scypha ciliata	NA	NA	OrgDb	2025-03-21	NCBI/UniProt	27933	org.Scypha_ciliata.eg.sqlite
Sebastes umbrosus	Sebastes umbrosus	AH120519	Sebastes umbrosus	NCBI gene ID based annotations about Sebastes umbrosus	NA	NA	OrgDb	2025-03-21	NCBI/UniProt	72105	org.Sebastes_umbrosus.eg.sqlite
Secale cereale	Secale cereale	NA	NA	NA	scereale	Secale cereale	NA	NA	NA	4550	NA
Seriola aureovittata	Seriola aureovittata	AH120808	Seriola aureovittata	NCBI gene ID based annotations about Seriola aureovittata	NA	NA	OrgDb	2025-03-21	NCBI/UniProt	2871759	org.Seriola_aureovittata.eg.sqlite
Seriola lalandi dorsalis	Yellowtail amberjack	NA	NA	NA	sldorsalis	Seriola lalandi dorsalis	NA	NA	NA	1841481	NA
Sesamum indicum	Sesamum indicum	AH120884	Sesamum indicum	NCBI gene ID based annotations about Sesamum indicum	sindicum	Sesamum indicum	OrgDb	2025-03-21	NCBI/UniProt	4182	org.Sesamum_indicum.eg.sqlite
Setaria digitata	Setaria digitata	NA	NA	NA	sedigiprjna479729	Setaria digitata	NA	NA	NA	48799	NA
Silurana tropicalis	Silurana tropicalis	AH120643	Silurana tropicalis	NCBI gene ID based annotations about Silurana tropicalis	xtropicalis	Xenopus tropicalis	OrgDb	2025-03-21	NCBI/UniProt	8364	org.Silurana_tropicalis.eg.sqlite
Silurus meridionalis	Silurus meridionalis	AH120696	Silurus meridionalis	NCBI gene ID based annotations about Silurus meridionalis	NA	NA	OrgDb	2025-03-21	NCBI/UniProt	175797	org.Silurus_meridionalis.eg.sqlite
Sinocyclocheilus anshuiensis	Sinocyclocheilus anshuiensis	AH119690	Sinocyclocheilus anshuiensis	NCBI gene ID based annotations about Sinocyclocheilus anshuiensis	NA	NA	OrgDb	2025-03-21	NCBI/UniProt	1608454	org.Sinocyclocheilus_anshuiensis.eg.sqlite
Sinocyclocheilus rhinocerous	Sinocyclocheilus rhinocerous	AH119680	Sinocyclocheilus rhinocerous	NCBI gene ID based annotations about Sinocyclocheilus rhinocerous	NA	NA	OrgDb	2025-03-21	NCBI/UniProt	307959	org.Sinocyclocheilus_rhinocerous.eg.sqlite
Sipha flava	Sipha flava (Yellow sugarcane aphid, LNK)	NA	NA	NA	sfgca003268045v1	Sipha flava	NA	NA	NA	143950	NA
Siphostoma scovelli	Siphostoma scovelli	AH120686	Siphostoma scovelli	NCBI gene ID based annotations about Siphostoma scovelli	NA	NA	OrgDb	2025-03-21	NCBI/UniProt	161590	org.Siphostoma_scovelli.eg.sqlite
Sitophilus oryzae	Sitophilus oryzae	AH121487	Sitophilus oryzae	NCBI gene ID based annotations about Sitophilus oryzae	sogca002938485v2rs	Sitophilus oryzae	OrgDb	2025-03-21	NCBI/UniProt	7048	org.Sitophilus_oryzae.eg.sqlite
Soboliphyme baturini	Soboliphyme baturini	NA	NA	NA	sobatuprjeb516	Soboliphyme baturini	NA	NA	NA	241478	NA
Solanum aracc-papa	Solanum aracc-papa	AH120262	Solanum aracc-papa	NCBI gene ID based annotations about Solanum aracc-papa	strh8903916	Solanum tuberosum	OrgDb	2025-03-21	NCBI/UniProt	4113	org.Solanum_aracc-papa.eg.sqlite
Solanum dulcamara	Solanum dulcamara	AH120080	Solanum dulcamara	NCBI gene ID based annotations about Solanum dulcamara	NA	NA	OrgDb	2025-03-21	NCBI/UniProt	45834	org.Solanum_dulcamara.eg.sqlite
Solanum stenotomum	Solanum stenotomum	AH119983	Solanum stenotomum	NCBI gene ID based annotations about Solanum stenotomum	NA	NA	OrgDb	2025-03-21	NCBI/UniProt	172797	org.Solanum_stenotomum.eg.sqlite
Solanum verrucosum	Solanum verrucosum	AH120158	Solanum verrucosum	NCBI gene ID based annotations about Solanum verrucosum	NA	NA	OrgDb	2025-03-21	NCBI/UniProt	315347	org.Solanum_verrucosum.eg.sqlite
Solea senegalensis	Solea senegalensis	AH120647	Solea senegalensis	NCBI gene ID based annotations about Solea senegalensis	NA	NA	OrgDb	2025-03-21	NCBI/UniProt	28829	org.Solea_senegalensis.eg.sqlite
Solenopsis invicta	Solenopsis invicta (Red fire ant, M01_SB)	NA	NA	NA	sinvicta	Solenopsis invicta	NA	NA	NA	13686	NA
Sorex araneus	Sorex araneus	AH120693	Sorex araneus	NCBI gene ID based annotations about Sorex araneus	saraneus	Sorex araneus	OrgDb	2025-03-21	NCBI/UniProt	42254	org.Sorex_araneus.eg.sqlite
Sorex etruscus	Sorex etruscus	AH119921	Sorex etruscus	NCBI gene ID based annotations about Sorex etruscus	NA	NA	OrgDb	2025-03-21	NCBI/UniProt	109475	org.Sorex_etruscus.eg.sqlite
Sorex fumeus	Sorex fumeus	AH120502	Sorex fumeus	NCBI gene ID based annotations about Sorex fumeus	NA	NA	OrgDb	2025-03-21	NCBI/UniProt	62283	org.Sorex_fumeus.eg.sqlite
Sparus aurata	Gilthead seabream	NA	NA	NA	saurata	Sparus aurata	NA	NA	NA	8175	NA
Sphaerodactylus townsendi	Sphaerodactylus townsendi	AH121206	Sphaerodactylus townsendi	NCBI gene ID based annotations about Sphaerodactylus townsendi	NA	NA	OrgDb	2025-03-21	NCBI/UniProt	933632	org.Sphaerodactylus_townsendi.eg.sqlite
Sphaeroforma arctica_JP610	Sphaeroforma arctica_JP610	AH121419	Sphaeroforma arctica_JP610	NCBI gene ID based annotations about Sphaeroforma arctica_JP610	NA	NA	OrgDb	2025-03-21	NCBI/UniProt	667725	org.Sphaeroforma_arctica_JP610.eg.sqlite
Sphenodon punctatus	Tuatara	NA	NA	NA	spunctatus	Sphenodon punctatus	NA	NA	NA	8508	NA
Spinacia oleracea	Spinacia oleracea	AH119895	Spinacia oleracea	NCBI gene ID based annotations about Spinacia oleracea	NA	NA	OrgDb	2025-03-21	NCBI/UniProt	3562	org.Spinacia_oleracea.eg.sqlite
Spirometra erinaceieuropaei	Spirometra erinaceieuropaei	NA	NA	NA	sperinprjeb1202	Spirometra erinaceieuropaei	NA	NA	NA	99802	NA
Spodoptera frugiperda	Spodoptera frugiperda (Fall armyworm, SF20-4)	NA	NA	NA	sfgca023101765v3rs	Spodoptera frugiperda	NA	NA	NA	7108	NA
Sporisorium reilianum SRZ2	Sporisorium reilianum	NA	NA	NA	sreilianum	Sporisorium reilianum SRZ2	NA	NA	NA	999809	NA
Squalus fasciatus	Squalus fasciatus	AH121012	Squalus fasciatus	NCBI gene ID based annotations about Squalus fasciatus	NA	NA	OrgDb	2025-03-21	NCBI/UniProt	3053191	org.Squalus_fasciatus.eg.sqlite
Stegodyphus dumicola	Stegodyphus dumicola	AH120873	Stegodyphus dumicola	NCBI gene ID based annotations about Stegodyphus dumicola	sdgca010614865v2rs	Stegodyphus dumicola	OrgDb	2025-03-21	NCBI/UniProt	202533	org.Stegodyphus_dumicola.eg.sqlite
Stegodyphus mimosarum	Stegodyphus mimosarum (African social velvet spider)	NA	NA	NA	smimosarum	Stegodyphus mimosarum	NA	NA	NA	407821	NA
Steinernema carpocapsae	Steinernema carpocapsae (PRJNA202318)	NA	NA	NA	stcarpprjna202318	Steinernema carpocapsae	NA	NA	NA	34508	NA
Steinernema feltiae	Steinernema feltiae (PRJNA353610)	NA	NA	NA	stfeltprjna353610	Steinernema feltiae	NA	NA	NA	52066	NA
Steinernema glaseri	Steinernema glaseri	NA	NA	NA	stglasprjna204943	Steinernema glaseri	NA	NA	NA	37863	NA
Steinernema hermaphroditum	Steinernema hermaphroditum	NA	NA	NA	sthermprjna982879	Steinernema hermaphroditum	NA	NA	NA	289476	NA
Steinernema monticolum	Steinernema monticolum	NA	NA	NA	stmontprjna205067	Steinernema monticolum	NA	NA	NA	90984	NA
Steinernema scapterisci	Steinernema scapterisci	NA	NA	NA	stscapprjna204942	Steinernema scapterisci	NA	NA	NA	90986	NA
Strigamia maritima	Strigamia maritima (Soil centipede)	NA	NA	NA	smaritima	Strigamia maritima	NA	NA	NA	126957	NA
Strigops habroptila	Kakapo	NA	NA	NA	shabroptila	Strigops habroptila	NA	NA	NA	2489341	NA
Strix alba	Strix alba	AH121388	Strix alba	NCBI gene ID based annotations about Strix alba	NA	NA	OrgDb	2025-03-21	NCBI/UniProt	56313	org.Strix_alba.eg.sqlite
Strongyloides ratti	Strongyloides ratti	NA	NA	NA	strattprjeb125	Strongyloides ratti	NA	NA	NA	34506	NA
Strongyloides stercoralis	Strongyloides stercoralis	NA	NA	NA	ststerprjna930454	Strongyloides stercoralis	NA	NA	NA	6248	NA
Strongyloides venezuelensis	Strongyloides venezuelensis	NA	NA	NA	stveneprjeb530	Strongyloides venezuelensis	NA	NA	NA	75913	NA
Strongylus vulgaris	Strongylus vulgaris	NA	NA	NA	stvulgprjeb531	Strongylus vulgaris	NA	NA	NA	40348	NA
Struthio camelus australis	African ostrich	NA	NA	NA	scaustralis	Struthio camelus australis	NA	NA	NA	441894	NA
Struthio camelus_domesticus	Struthio camelus_domesticus	AH121108	Struthio camelus_domesticus	NCBI gene ID based annotations about Struthio camelus_domesticus	NA	NA	OrgDb	2025-03-21	NCBI/UniProt	8801	org.Struthio_camelus_domesticus.eg.sqlite
Sturnira hondurensis	Sturnira hondurensis	AH120624	Sturnira hondurensis	NCBI gene ID based annotations about Sturnira hondurensis	NA	NA	OrgDb	2025-03-21	NCBI/UniProt	192404	org.Sturnira_hondurensis.eg.sqlite
Styela clava	Styela clava	AH121119	Styela clava	NCBI gene ID based annotations about Styela clava	NA	NA	OrgDb	2025-03-21	NCBI/UniProt	7725	org.Styela_clava.eg.sqlite
Stylophora pistillata	Stylophora pistillata	AH120707	Stylophora pistillata	NCBI gene ID based annotations about Stylophora pistillata	spgca002571385v2	Stylophora pistillata	OrgDb	2025-03-21	NCBI/UniProt	50429	org.Stylophora_pistillata.eg.sqlite
Suillus fuscotomentosus	Suillus fuscotomentosus	AH121420	Suillus fuscotomentosus	NCBI gene ID based annotations about Suillus fuscotomentosus	NA	NA	OrgDb	2025-03-21	NCBI/UniProt	1912939	org.Suillus_fuscotomentosus.eg.sqlite
Suricata suricatta	Suricata suricatta	AH120076	Suricata suricatta	NCBI gene ID based annotations about Suricata suricatta	NA	NA	OrgDb	2025-03-21	NCBI/UniProt	37032	org.Suricata_suricatta.eg.sqlite
Sus scrofa	Sus scrofa	AH121955	Sus scrofa	NCBI gene ID based annotations about Sus scrofa	sstibetan	Sus scrofa	OrgDb	2025-10-29	NCBI/ensembl	9823	org.Ss.eg.db.sqlite
Syngnathoides biaculeatus	Syngnathoides biaculeatus	AH121029	Syngnathoides biaculeatus	NCBI gene ID based annotations about Syngnathoides biaculeatus	NA	NA	OrgDb	2025-03-21	NCBI/UniProt	300417	org.Syngnathoides_biaculeatus.eg.sqlite
Syngnathus acus_rubescens	Syngnathus acus_rubescens	AH121037	Syngnathus acus_rubescens	NCBI gene ID based annotations about Syngnathus acus_rubescens	NA	NA	OrgDb	2025-03-21	NCBI/UniProt	161584	org.Syngnathus_acus_rubescens.eg.sqlite
Syngnathus typhle	Syngnathus typhle	AH120670	Syngnathus typhle	NCBI gene ID based annotations about Syngnathus typhle	NA	NA	OrgDb	2025-03-21	NCBI/UniProt	161592	org.Syngnathus_typhle.eg.sqlite
Syphacia muris	Syphacia muris	NA	NA	NA	symuriprjeb524	Syphacia muris	NA	NA	NA	451379	NA
Taenia asiatica	Taenia asiatica (PRJNA299871)	NA	NA	NA	taasiaprjna299871	Taenia asiatica	NA	NA	NA	60517	NA
Taenia multiceps	Taenia multiceps	NA	NA	NA	tamultprjna307624	Taenia multiceps	NA	NA	NA	94034	NA
Taenia saginata	Taenia saginata	NA	NA	NA	tasagiprjna71493	Taenia saginata	NA	NA	NA	6206	NA
Taenia solium	Taenia solium	NA	NA	NA	tasoliprjna170813	Taenia solium	NA	NA	NA	6204	NA
Talpa occidentalis	Talpa occidentalis	AH120396	Talpa occidentalis	NCBI gene ID based annotations about Talpa occidentalis	NA	NA	OrgDb	2025-03-21	NCBI/UniProt	50954	org.Talpa_occidentalis.eg.sqlite
Teladorsagia circumcincta	Teladorsagia circumcincta	NA	NA	NA	tecircprjna72569	Teladorsagia circumcincta	NA	NA	NA	45464	NA
Telopea speciosissima	Telopea speciosissima	AH120135	Telopea speciosissima	NCBI gene ID based annotations about Telopea speciosissima	NA	NA	OrgDb	2025-03-21	NCBI/UniProt	54955	org.Telopea_speciosissima.eg.sqlite
Tenebrio molitor	Tenebrio molitor	AH121356	Tenebrio molitor	NCBI gene ID based annotations about Tenebrio molitor	tmgca907166875v3gb	Tenebrio molitor	OrgDb	2025-03-21	NCBI/UniProt	7067	org.Tenebrio_molitor.eg.sqlite
Tetrahymena thermophila_SB210	Tetrahymena thermophila_SB210	AH120842	Tetrahymena thermophila_SB210	NCBI gene ID based annotations about Tetrahymena thermophila_SB210	tthermophila	Tetrahymena thermophila SB210	OrgDb	2025-03-21	NCBI/UniProt	312017	org.Tetrahymena_thermophila_SB210.eg.sqlite
Tetranychus urticae	Tetranychus urticae (Two-spotted spider mite)	NA	NA	NA	turticae	Tetranychus urticae	NA	NA	NA	32264	NA
Tetraodon nigroviridis	Tetraodon	NA	NA	NA	tnigroviridis	Tetraodon nigroviridis	NA	NA	NA	99883	NA
Thalarctos maritimus	Thalarctos maritimus	AH120468	Thalarctos maritimus	NCBI gene ID based annotations about Thalarctos maritimus	umaritimus	Ursus maritimus	OrgDb	2025-03-21	NCBI/UniProt	29073	org.Thalarctos_maritimus.eg.sqlite
Thalassiosira pseudonana CCMP1335	Thalassiosira pseudonana	NA	NA	NA	tpseudonana	Thalassiosira pseudonana CCMP1335	NA	NA	NA	296543	NA
Thalassophryne amazonica	Thalassophryne amazonica	AH120390	Thalassophryne amazonica	NCBI gene ID based annotations about Thalassophryne amazonica	NA	NA	OrgDb	2025-03-21	NCBI/UniProt	390379	org.Thalassophryne_amazonica.eg.sqlite
Thelazia callipaeda	Thelazia callipaeda	NA	NA	NA	thcallprjeb1205	Thelazia callipaeda	NA	NA	NA	103827	NA
Thelohanellus kitauei	Thelohanellus kitauei (Myxozoan endoparasite)	NA	NA	NA	tkitauei	Thelohanellus kitauei	NA	NA	NA	669202	NA
Theobroma cacao	Theobroma cacao	AH121027	Theobroma cacao	NCBI gene ID based annotations about Theobroma cacao	tcacao	Theobroma cacao	OrgDb	2025-03-21	NCBI/UniProt	3641	org.Theobroma_cacao.eg.sqlite
Theristus sp. LFF4_11	Theristus lff411	NA	NA	NA	thlff4prjna953805	Theristus sp. LFF4_11	NA	NA	NA	3043726	NA
Thrips palmi	Thrips palmi (Melon Thrips, BJ-2018)	NA	NA	NA	tpgca012932325v1rs	Thrips palmi	NA	NA	NA	161013	NA
Thunnus maccoyii	Thunnus maccoyii	AH120202	Thunnus maccoyii	NCBI gene ID based annotations about Thunnus maccoyii	NA	NA	OrgDb	2025-03-21	NCBI/UniProt	8240	org.Thunnus_maccoyii.eg.sqlite
Tigriopus californicus	Tigriopus californicus (Copepod, San Diego)	NA	NA	NA	tcgca007210705	Tigriopus californicus	NA	NA	NA	6832	NA
Topomyia yanbarensis	Topomyia yanbarensis	AH121288	Topomyia yanbarensis	NCBI gene ID based annotations about Topomyia yanbarensis	tygca030247195v1rs	Topomyia yanbarensis	OrgDb	2025-03-21	NCBI/UniProt	2498891	org.Topomyia_yanbarensis.eg.sqlite
Toxocara canis	Toxocara canis (PRJNA248777)	NA	NA	NA	tocaniprjna248777	Toxocara canis	NA	NA	NA	6265	NA
Toxoplasma gondii ME49	Toxoplasma gondii ME49	NA	NA	NA	tgondii	Toxoplasma gondii ME49	NA	NA	NA	508771	NA
Trachinotus anak	Trachinotus anak	AH120303	Trachinotus anak	NCBI gene ID based annotations about Trachinotus anak	NA	NA	OrgDb	2025-03-21	NCBI/UniProt	443729	org.Trachinotus_anak.eg.sqlite
Trialeurodes vaporariorum	Trialeurodes vaporariorum (Greenhouse whitefly, IVF)	NA	NA	NA	tvgca011764245	Trialeurodes vaporariorum	NA	NA	NA	88556	NA
Tribolium castaneum	Tribolium castaneum (Red flour beetle, GA2)	NA	NA	NA	tcgca031307605v1rs	Tribolium castaneum	NA	NA	NA	7070	NA
Tribolium madens	Tribolium madens (Black flour beetle, multiple individuals)	NA	NA	NA	tmgca015345945v1rs	Tribolium madens	NA	NA	NA	41895	NA
Trichinella britovi	Trichinella britovi	NA	NA	NA	trbritprjna257433	Trichinella britovi	NA	NA	NA	45882	NA
Trichinella murrelli	Trichinella murrelli	NA	NA	NA	trmurrprjna257433	Trichinella murrelli	NA	NA	NA	144512	NA
Trichinella nativa	Trichinella nativa (PRJNA179527)	NA	NA	NA	trnatiprjna179527	Trichinella nativa	NA	NA	NA	6335	NA
Trichinella nelsoni	Trichinella nelsoni	NA	NA	NA	trnelsprjna257433	Trichinella nelsoni	NA	NA	NA	6336	NA
Trichinella papuae	Trichinella papuae	NA	NA	NA	trpapuprjna257433	Trichinella papuae	NA	NA	NA	268474	NA
Trichinella patagoniensis	Trichinella patagoniensis	NA	NA	NA	trpataprjna257433	Trichinella patagoniensis	NA	NA	NA	990121	NA
Trichinella pseudospiralis	Trichinella pseudospiralis (ISS588PRJNA257433)	NA	NA	NA	iss588prjna257433	Trichinella pseudospiralis	NA	NA	NA	6337	NA
Trichinella sp. T6	Trichinella sp. T6	NA	NA	NA	trt6prjna257433	Trichinella sp. T6	NA	NA	NA	92179	NA
Trichinella sp. T8	Trichinella sp. T8	NA	NA	NA	trt8prjna257433	Trichinella sp. T8	NA	NA	NA	92180	NA
Trichinella sp. T9	Trichinella sp. T9	NA	NA	NA	trt9prjna257433	Trichinella sp. T9	NA	NA	NA	181606	NA
Trichinella spiralis	Trichinella spiralis (PRJNA257433)	NA	NA	NA	trspirprjna257433	Trichinella spiralis	NA	NA	NA	6334	NA
Trichinella zimbabwensis	Trichinella zimbabwensis	NA	NA	NA	trzimbprjna257433	Trichinella zimbabwensis	NA	NA	NA	268475	NA
Trichobilharzia regenti	Trichobilharzia regenti	NA	NA	NA	trregeprjeb44434	Trichobilharzia regenti	NA	NA	NA	157069	NA
Trichobilharzia szidati	Trichobilharzia szidati	NA	NA	NA	trszidprjeb44434	Trichobilharzia szidati	NA	NA	NA	157070	NA
Trichoderma reesei QM6a	Trichoderma reesei	NA	NA	NA	treesei	Trichoderma reesei QM6a	NA	NA	NA	431241	NA
Trichoderma virens Gv29-8	Trichoderma virens	NA	NA	NA	tvirens	Trichoderma virens Gv29-8	NA	NA	NA	413071	NA
Trichogramma pretiosum	Trichogramma pretiosum (Parasitoid wasp, Unisexual culture from Peru)	NA	NA	NA	tpgca000599845v3	Trichogramma pretiosum	NA	NA	NA	7493	NA
Trichomonas foetus	Trichomonas foetus	AH121002	Trichomonas foetus	NCBI gene ID based annotations about Trichomonas foetus	NA	NA	OrgDb	2025-03-21	NCBI/UniProt	1144522	org.Trichomonas_foetus.eg.sqlite
Trichomonas vaginalis_G3	Trichomonas vaginalis_G3	AH119585	Trichomonas vaginalis_G3	NCBI gene ID based annotations about Trichomonas vaginalis_G3	NA	NA	OrgDb	2025-03-21	NCBI/UniProt	412133	org.Trichomonas_vaginalis_G3.eg.sqlite
Trichomycterus rosablanca	Trichomycterus rosablanca	AH120025	Trichomycterus rosablanca	NCBI gene ID based annotations about Trichomycterus rosablanca	NA	NA	OrgDb	2025-03-21	NCBI/UniProt	2290929	org.Trichomycterus_rosablanca.eg.sqlite
Trichoplax adhaerens	Trichoplax adhaerens (Placozoa, Grell-BS-1999)	NA	NA	NA	tadhaerens	Trichoplax adhaerens	NA	NA	NA	10228	NA
Trichuris muris	Trichuris muris	NA	NA	NA	trmuriprjeb126	Trichuris muris	NA	NA	NA	70415	NA
Trichuris suis	Trichuris suis (PRJNA208415)	NA	NA	NA	trsuisprjna208415	Trichuris suis	NA	NA	NA	68888	NA
Trichuris trichiura	Trichuris trichiura	NA	NA	NA	trtricprjeb535	Trichuris trichiura	NA	NA	NA	36087	NA
Trifolium pratense	Trifolium pratense	AH119800	Trifolium pratense	NCBI gene ID based annotations about Trifolium pratense	tpratense	Trifolium pratense	OrgDb	2025-03-21	NCBI/UniProt	57577	org.Trifolium_pratense.eg.sqlite
Trileptium ribeirensis	Trileptium ribeirensis	NA	NA	NA	trribeprjna953805	Trileptium ribeirensis	NA	NA	NA	3040840	NA
Triplophysa rosa	Triplophysa rosa	AH120830	Triplophysa rosa	NCBI gene ID based annotations about Triplophysa rosa	NA	NA	OrgDb	2025-03-21	NCBI/UniProt	992332	org.Triplophysa_rosa.eg.sqlite
Tripterygium wilfordii	Tripterygium wilfordii	AH119970	Tripterygium wilfordii	NCBI gene ID based annotations about Tripterygium wilfordii	NA	NA	OrgDb	2025-03-21	NCBI/UniProt	458696	org.Tripterygium_wilfordii.eg.sqlite
Trissonchulus latispiculum	Trissonchulus latispiculum	NA	NA	NA	trlatiprjna953805	Trissonchulus latispiculum	NA	NA	NA	3040841	NA
Triticum aestivum	Triticum aestivum	AH119541	Triticum aestivum	NCBI gene ID based annotations about Triticum aestivum	taweebil	Triticum aestivum	OrgDb	2025-03-21	NCBI/UniProt	4565	org.Triticum_aestivum.eg.sqlite
Triticum dicoccoides	Triticum dicoccoides	AH119561	Triticum dicoccoides	NCBI gene ID based annotations about Triticum dicoccoides	tdicoccoides	Triticum dicoccoides	OrgDb	2025-03-21	NCBI/UniProt	85692	org.Triticum_dicoccoides.eg.sqlite
Triticum spelta	Triticum spelta	NA	NA	NA	tspelta	Triticum spelta	NA	NA	NA	58933	NA
Triticum turgidum subsp. durum	Triticum turgidum	NA	NA	NA	tturgidum	Triticum turgidum subsp. durum	NA	NA	NA	4567	NA
Triticum urartu	Triticum urartu	AH119704	Triticum urartu	NCBI gene ID based annotations about Triticum urartu	turartu	Triticum urartu	OrgDb	2025-03-21	NCBI/UniProt	4572	org.Triticum_urartu.eg.sqlite
Trypanosoma brucei	Trypanosoma brucei	NA	NA	NA	tbrucei	Trypanosoma brucei	NA	NA	NA	5691	NA
Trypanosoma cruzi	Trypanosoma cruzi	AH121011	Trypanosoma cruzi	NCBI gene ID based annotations about Trypanosoma cruzi	NA	NA	OrgDb	2025-03-21	NCBI/UniProt	5693	org.Trypanosoma_cruzi.eg.sqlite
Tuber melanosporum Mel28	Tuber melanosporum	NA	NA	NA	tmelanosporum	Tuber melanosporum Mel28	NA	NA	NA	656061	NA
Tupaia belangeri	Tree Shrew	NA	NA	NA	tbelangeri	Tupaia belangeri	NA	NA	NA	37347	NA
Tupaia belangeri_chinensis	Tupaia belangeri_chinensis	AH119874	Tupaia belangeri_chinensis	NCBI gene ID based annotations about Tupaia belangeri_chinensis	NA	NA	OrgDb	2025-03-21	NCBI/UniProt	246437	org.Tupaia_belangeri_chinensis.eg.sqlite
Uloborus diversus	Uloborus diversus	AH121379	Uloborus diversus	NCBI gene ID based annotations about Uloborus diversus	udgca026930045v1rs	Uloborus diversus	OrgDb	2025-03-21	NCBI/UniProt	327109	org.Uloborus_diversus.eg.sqlite
Uranotaenia lowii	Uranotaenia lowii	AH121110	Uranotaenia lowii	NCBI gene ID based annotations about Uranotaenia lowii	ulgca029784155v1rs	Uranotaenia lowii	OrgDb	2025-03-21	NCBI/UniProt	190385	org.Uranotaenia_lowii.eg.sqlite
Urocitellus parryii	Arctic ground squirrel	NA	NA	NA	uparryii	Urocitellus parryii	NA	NA	NA	9999	NA
Ursus americanus	American black bear	NA	NA	NA	uamericanus	Ursus americanus	NA	NA	NA	9643	NA
Ursus arctos	Ursus arctos	AH120478	Ursus arctos	NCBI gene ID based annotations about Ursus arctos	NA	NA	OrgDb	2025-03-21	NCBI/UniProt	9644	org.Ursus_arctos.eg.sqlite
Ustilago maydis	Ustilago maydis	NA	NA	NA	umaydis	Ustilago maydis	NA	NA	NA	237631	NA
Varroa destructor	Varroa destructor (Honeybee mite)	NA	NA	NA	vdgca002443255	Varroa destructor	NA	NA	NA	109461	NA
Varroa jacobsoni	Varroa jacobsoni (Varroa mite, VJ856)	NA	NA	NA	vjgca002532875v1rs	Varroa jacobsoni	NA	NA	NA	62625	NA
Venturia canescens	Venturia canescens (Endoparasitoid wasp, UGA)	NA	NA	NA	vcgca019457755v1rs	Venturia canescens	NA	NA	NA	32260	NA
Verticillium dahliae JR2	Verticillium dahliae JR2	NA	NA	NA	vdahliaejr2	Verticillium dahliae JR2	NA	NA	NA	1202531	NA
Verticillium dahliae VdLs.17	Verticillium dahliae	NA	NA	NA	vdahliae	Verticillium dahliae VdLs.17	NA	NA	NA	498257	NA
Vespa mandarinia	Vespa mandarinia (Asian giant hornet, Nanaimo)	NA	NA	NA	vmgca014083535v2rs	Vespa mandarinia	NA	NA	NA	7446	NA
Vicia faba	Vicia faba	NA	NA	NA	vfaba	Vicia faba	NA	NA	NA	3906	NA
Vicia villosa	Vicia villosa	AH119607	Vicia villosa	NCBI gene ID based annotations about Vicia villosa	NA	NA	OrgDb	2025-03-21	NCBI/UniProt	3911	org.Vicia_villosa.eg.sqlite
Vigna radiata	Vigna radiata	AH120571	Vigna radiata	NCBI gene ID based annotations about Vigna radiata	NA	NA	OrgDb	2025-03-21	NCBI/UniProt	157791	org.Vigna_radiata.eg.sqlite
Vigna radiata var. radiata	Vigna radiata	NA	NA	NA	vradiata	Vigna radiata var. radiata	NA	NA	NA	3916	NA
Vitis riparia	Vitis riparia	AH120479	Vitis riparia	NCBI gene ID based annotations about Vitis riparia	NA	NA	OrgDb	2025-03-21	NCBI/UniProt	96939	org.Vitis_riparia.eg.sqlite
Vitis vinifera	Vitis vinifera	AH120598	Vitis vinifera	NCBI gene ID based annotations about Vitis vinifera	vvinifera	Vitis vinifera	OrgDb	2025-03-21	NCBI/UniProt	29760	org.Vitis_vinifera.eg.sqlite
Vulpes vulpes	Red fox	NA	NA	NA	vvulpes	Vulpes vulpes	NA	NA	NA	9627	NA
Wuchereria bancrofti	Wuchereria bancrofti (PRJEB536)	NA	NA	NA	wubancprjeb536	Wuchereria bancrofti	NA	NA	NA	6293	NA
Wyeomyia smithii	Wyeomyia smithii (Pitcher plant Mosquito, HCP4-BCI-WySm-NY-G18)	NA	NA	NA	wsgca029784165v1rs	Wyeomyia smithii	NA	NA	NA	174621	NA
Xenia sp._Carnegie-2017	Xenia sp._Carnegie-2017	AH120912	Xenia sp._Carnegie-2017	NCBI gene ID based annotations about Xenia sp._Carnegie-2017	NA	NA	OrgDb	2025-03-21	NCBI/UniProt	2897299	org.Xenia_sp._Carnegie-2017.eg.sqlite
Xenopus laevis	Xenopus laevis	AH121959	Xenopus laevis	NCBI gene ID based annotations about Xenopus laevis	NA	NA	OrgDb	2025-10-29	NCBI/ensembl	8355	org.Xl.eg.db.sqlite
Xiphias gladius	Xiphias gladius	AH121047	Xiphias gladius	NCBI gene ID based annotations about Xiphias gladius	NA	NA	OrgDb	2025-03-21	NCBI/UniProt	8245	org.Xiphias_gladius.eg.sqlite
Xiphophorus couchianus	Monterrey platyfish	NA	NA	NA	xcouchianus	Xiphophorus couchianus	NA	NA	NA	32473	NA
Xiphophorus hellerii	Xiphophorus hellerii	AH120535	Xiphophorus hellerii	NCBI gene ID based annotations about Xiphophorus hellerii	NA	NA	OrgDb	2025-03-21	NCBI/UniProt	8084	org.Xiphophorus_hellerii.eg.sqlite
Yarrowia lipolytica CLIB122	Yarrowia lipolytica	NA	NA	NA	ylipolytica	Yarrowia lipolytica CLIB122	NA	NA	NA	284591	NA
Zea mays	Zea mays	AH119718	Zea mays	NCBI gene ID based annotations about Zea mays	zmays	Zea mays	OrgDb	2025-03-21	NCBI/UniProt	4577	org.Zea_mays.eg.sqlite
Zerene cesonia	Zerene cesonia (Southern Dogface)	NA	NA	NA	zcgca012273895v2rs	Zerene cesonia	NA	NA	NA	33412	NA
Zeugodacus cucurbitae	Zeugodacus cucurbitae (Melon fly, PBARC_wt_2022May)	NA	NA	NA	zcgca028554725v2rs	Zeugodacus cucurbitae	NA	NA	NA	28588	NA
Zingiber officinale	Zingiber officinale	AH119584	Zingiber officinale	NCBI gene ID based annotations about Zingiber officinale	NA	NA	OrgDb	2025-03-21	NCBI/UniProt	94328	org.Zingiber_officinale.eg.sqlite
Zootermopsis nevadensis	Zootermopsis nevadensis (Nevada dampwood termite)	NA	NA	NA	znevadensis	Zootermopsis nevadensis	NA	NA	NA	136037	NA
Zymoseptoria tritici IPO323	Zymoseptoria tritici	NA	NA	NA	ztritici	Zymoseptoria tritici IPO323	NA	NA	NA	336722	NA
